id;gen;sp;ssp;categories;group;en;rec;cnt;loc;lat;lng;alt;type;sex;stage;method;url;file;file-name;sono;osci;lic;q;length;time;date;uploaded;also;rmk;bird-seen;animal-seen;playback-used;temp;regnr;auto;dvc;mic;smp;fullfilename;filename
487835;Columba;palumbus;;Columba palumbus_Common Wood Pigeon;birds;Common Wood Pigeon;Joost van Bruggen;Netherlands;Arnhem, Arnhem, Gelderland;51.94;5.9038;10;song;;;field recording;//xeno-canto.org/487835;https://xeno-canto.org/487835/download;XC487835-Houtduif, zang, 170719, 0529 uur.mp3;{'small': '//xeno-canto.org/sounds/uploaded/RNMRWBXEZJ/ffts/XC487835-small.png', 'med': '//xeno-canto.org/sounds/uploaded/RNMRWBXEZJ/ffts/XC487835-med.png', 'large': '//xeno-canto.org/sounds/uploaded/RNMRWBXEZJ/ffts/XC487835-large.png', 'full': '//xeno-canto.org/sounds/uploaded/RNMRWBXEZJ/ffts/XC487835-full.png'};{'small': '//xeno-canto.org/sounds/uploaded/RNMRWBXEZJ/wave/XC487835-small.png', 'med': '//xeno-canto.org/sounds/uploaded/RNMRWBXEZJ/wave/XC487835-med.png', 'large': '//xeno-canto.org/sounds/uploaded/RNMRWBXEZJ/wave/XC487835-large.png'};//creativecommons.org/licenses/by-nc-nd/4.0/;A;00:36;05:29;2019-07-17;2019-07-17;[];;no;no;no;;;no;;;48000;build_dataset_temp/WORKFLOW_MULTIPLE_SPECIES/Columba palumbus_Common Wood Pigeon/XC487835.mp3;XC487835.mp3
655097;Columba;palumbus;palumbus;Columba palumbus_Common Wood Pigeon;birds;Common Wood Pigeon;Albert Noorlander;Netherlands;Lexmond, Vijfheerenlanden, Utrecht;51.9526;4.9913;0;song;;;field recording;//xeno-canto.org/655097;https://xeno-canto.org/655097/download;XC655097-Houtduif 20210606-01c.mp3;{'small': '//xeno-canto.org/sounds/uploaded/LIGVVFZJTW/ffts/XC655097-small.png', 'med': '//xeno-canto.org/sounds/uploaded/LIGVVFZJTW/ffts/XC655097-med.png', 'large': '//xeno-canto.org/sounds/uploaded/LIGVVFZJTW/ffts/XC655097-large.png', 'full': '//xeno-canto.org/sounds/uploaded/LIGVVFZJTW/ffts/XC655097-full.png'};{'small': '//xeno-canto.org/sounds/uploaded/LIGVVFZJTW/wave/XC655097-small.png', 'med': '//xeno-canto.org/sounds/uploaded/LIGVVFZJTW/wave/XC655097-med.png', 'large': '//xeno-canto.org/sounds/uploaded/LIGVVFZJTW/wave/XC655097-large.png'};//creativecommons.org/licenses/by-nc-sa/4.0/;A;00:30;10:00;2021-06-06;2021-06-07;[];;yes;yes;no;;;no;;;44100;build_dataset_temp/WORKFLOW_MULTIPLE_SPECIES/Columba palumbus_Common Wood Pigeon/XC655097.mp3;XC655097.mp3
791136;Columba;palumbus;azorica;Columba palumbus_Common Wood Pigeon;birds;Common Wood Pigeon;Carlos Pereira;Portugal;Pau Velho, Praia da Vitória, Azores;38.7593;-27.2563;440;song;male;adult;field recording;//xeno-canto.org/791136;https://xeno-canto.org/791136/download;XC791136-Columba-palumbusTop1_Pau-Velho.wav;{'small': '//xeno-canto.org/sounds/uploaded/JXZPZYPQKP/ffts/XC791136-small.png', 'med': '//xeno-canto.org/sounds/uploaded/JXZPZYPQKP/ffts/XC791136-med.png', 'large': '//xeno-canto.org/sounds/uploaded/JXZPZYPQKP/ffts/XC791136-large.png', 'full': '//xeno-canto.org/sounds/uploaded/JXZPZYPQKP/ffts/XC791136-full.png'};{'small': '//xeno-canto.org/sounds/uploaded/JXZPZYPQKP/wave/XC791136-small.png', 'med': '//xeno-canto.org/sounds/uploaded/JXZPZYPQKP/wave/XC791136-med.png', 'large': '//xeno-canto.org/sounds/uploaded/JXZPZYPQKP/wave/XC791136-large.png'};//creativecommons.org/licenses/by-nc-sa/4.0/;A;00:36;09:21;2023-04-05;2023-04-05;['Fringilla coelebs', 'Sylvia atricapilla', 'Erithacus rubecula'];;no;no;no;;2;yes;;;44100;build_dataset_temp/WORKFLOW_MULTIPLE_SPECIES/Columba palumbus_Common Wood Pigeon/XC791136.mp3;XC791136.mp3
653672;Columba;palumbus;;Columba palumbus_Common Wood Pigeon;birds;Common Wood Pigeon;Manceau Lionel;France;Coudray, Mayenne, Pays de la Loire;47.7907;-0.6461;70;song;male;adult;field recording;//xeno-canto.org/653672;https://xeno-canto.org/653672/download;XC653672-210530_0063_Pigeon ramier_Coudray.mp3;{'small': '//xeno-canto.org/sounds/uploaded/YCPZMKPRPA/ffts/XC653672-small.png', 'med': '//xeno-canto.org/sounds/uploaded/YCPZMKPRPA/ffts/XC653672-med.png', 'large': '//xeno-canto.org/sounds/uploaded/YCPZMKPRPA/ffts/XC653672-large.png', 'full': '//xeno-canto.org/sounds/uploaded/YCPZMKPRPA/ffts/XC653672-full.png'};{'small': '//xeno-canto.org/sounds/uploaded/YCPZMKPRPA/wave/XC653672-small.png', 'med': '//xeno-canto.org/sounds/uploaded/YCPZMKPRPA/wave/XC653672-med.png', 'large': '//xeno-canto.org/sounds/uploaded/YCPZMKPRPA/wave/XC653672-large.png'};//creativecommons.org/licenses/by-nc-sa/4.0/;A;00:25;07:00;2021-05-30;2021-06-02;[];;no;no;no;;;no;;;48000;build_dataset_temp/WORKFLOW_MULTIPLE_SPECIES/Columba palumbus_Common Wood Pigeon/XC653672.mp3;XC653672.mp3
805780;Columba;palumbus;;Columba palumbus_Common Wood Pigeon;birds;Common Wood Pigeon;Joost van Bruggen;Netherlands;Ida Gerhard;51.9363;5.9001;10;song;male;adult;field recording;//xeno-canto.org/805780;https://xeno-canto.org/805780/download;XC805780-Houtduif,-song,-IGS,-120323,-0658-uur.wav;{'small': '//xeno-canto.org/sounds/uploaded/RNMRWBXEZJ/ffts/XC805780-small.png', 'med': '//xeno-canto.org/sounds/uploaded/RNMRWBXEZJ/ffts/XC805780-med.png', 'large': '//xeno-canto.org/sounds/uploaded/RNMRWBXEZJ/ffts/XC805780-large.png', 'full': '//xeno-canto.org/sounds/uploaded/RNMRWBXEZJ/ffts/XC805780-full.png'};{'small': '//xeno-canto.org/sounds/uploaded/RNMRWBXEZJ/wave/XC805780-small.png', 'med': '//xeno-canto.org/sounds/uploaded/RNMRWBXEZJ/wave/XC805780-med.png', 'large': '//xeno-canto.org/sounds/uploaded/RNMRWBXEZJ/wave/XC805780-large.png'};//creativecommons.org/licenses/by-nc-nd/4.0/;A;00:34;06:58;2023-03-12;2023-05-31;['Fringilla coelebs', 'Turdus philomelos', 'Parus major', 'Erithacus rubecula'];;no;no;no;;;yes;Sound Devices MIXPRE-3M;Sennheiser MKH416;48000;build_dataset_temp/WORKFLOW_MULTIPLE_SPECIES/Columba palumbus_Common Wood Pigeon/XC805780.mp3;XC805780.mp3
733752;Columba;palumbus;;Columba palumbus_Common Wood Pigeon;birds;Common Wood Pigeon;Johannes Worona;Germany;Berlin-Kreuzberg;52.506;13.4281;40;song;male;adult;field recording;//xeno-canto.org/733752;https://xeno-canto.org/733752/download;XC733752-20220622_WS853_0100_0_47_48.mp3;{'small': '//xeno-canto.org/sounds/uploaded/GIFBPTEXWL/ffts/XC733752-small.png', 'med': '//xeno-canto.org/sounds/uploaded/GIFBPTEXWL/ffts/XC733752-med.png', 'large': '//xeno-canto.org/sounds/uploaded/GIFBPTEXWL/ffts/XC733752-large.png', 'full': '//xeno-canto.org/sounds/uploaded/GIFBPTEXWL/ffts/XC733752-full.png'};{'small': '//xeno-canto.org/sounds/uploaded/GIFBPTEXWL/wave/XC733752-small.png', 'med': '//xeno-canto.org/sounds/uploaded/GIFBPTEXWL/wave/XC733752-med.png', 'large': '//xeno-canto.org/sounds/uploaded/GIFBPTEXWL/wave/XC733752-large.png'};//creativecommons.org/licenses/by-nc-sa/4.0/;A;00:28;08:30;2022-06-22;2022-06-23;[];"Song of a Common woodpigeon (Columba palumbus) perching on an eaves in presence of Hooded crows (Corvus cornix). 

Urban enviroment with basswood, maple and plane trees and various bushes nearby. Clear sky, ca. 20° C, light wind from sw. 

Recorded with a small hidden recorder close to the birds at a feeding place. NR and HPF applied.";yes;yes;no;;;no;;;44100;build_dataset_temp/WORKFLOW_MULTIPLE_SPECIES/Columba palumbus_Common Wood Pigeon/XC733752.mp3;XC733752.mp3
643547;Columba;palumbus;;Columba palumbus_Common Wood Pigeon;birds;Common Wood Pigeon;Aladdin;Sweden;OTTENBY, Mörbylånga Municipality, Kalmar län;56.1966;16.3987;0;song;;;field recording;//xeno-canto.org/643547;https://xeno-canto.org/643547/download;XC643547-Common woodpigeon.mp3;{'small': '//xeno-canto.org/sounds/uploaded/WDTGKKSKNG/ffts/XC643547-small.png', 'med': '//xeno-canto.org/sounds/uploaded/WDTGKKSKNG/ffts/XC643547-med.png', 'large': '//xeno-canto.org/sounds/uploaded/WDTGKKSKNG/ffts/XC643547-large.png', 'full': '//xeno-canto.org/sounds/uploaded/WDTGKKSKNG/ffts/XC643547-full.png'};{'small': '//xeno-canto.org/sounds/uploaded/WDTGKKSKNG/wave/XC643547-small.png', 'med': '//xeno-canto.org/sounds/uploaded/WDTGKKSKNG/wave/XC643547-med.png', 'large': '//xeno-canto.org/sounds/uploaded/WDTGKKSKNG/wave/XC643547-large.png'};//creativecommons.org/licenses/by-nc-sa/4.0/;A;00:22;14:00;2021-04-28;2021-04-28;[];"Recorded with my ZOOM H5 Handy Recorder. High Pass Filter applied with Audacity.


Sitting in a tree singing";yes;yes;no;;;no;;;48000;build_dataset_temp/WORKFLOW_MULTIPLE_SPECIES/Columba palumbus_Common Wood Pigeon/XC643547.mp3;XC643547.mp3
552810;Columba;palumbus;;Columba palumbus_Common Wood Pigeon;birds;Common Wood Pigeon;Ruud van Beusekom;Netherlands;Huizen, Huizen, North Holland;52.3076;5.2597;0;song;uncertain;adult;field recording;//xeno-canto.org/552810;https://xeno-canto.org/552810/download;XC552810-06700.100314.houtduifzang2.NoordwalXC.mp3;{'small': '//xeno-canto.org/sounds/uploaded/PKWMZIRVUO/ffts/XC552810-small.png', 'med': '//xeno-canto.org/sounds/uploaded/PKWMZIRVUO/ffts/XC552810-med.png', 'large': '//xeno-canto.org/sounds/uploaded/PKWMZIRVUO/ffts/XC552810-large.png', 'full': '//xeno-canto.org/sounds/uploaded/PKWMZIRVUO/ffts/XC552810-full.png'};{'small': '//xeno-canto.org/sounds/uploaded/PKWMZIRVUO/wave/XC552810-small.png', 'med': '//xeno-canto.org/sounds/uploaded/PKWMZIRVUO/wave/XC552810-med.png', 'large': '//xeno-canto.org/sounds/uploaded/PKWMZIRVUO/wave/XC552810-large.png'};//creativecommons.org/licenses/by-nc-sa/4.0/;A;00:53;?;2010-03-14;2020-05-01;[];;unknown;unknown;unknown;;;no;;;44100;build_dataset_temp/WORKFLOW_MULTIPLE_SPECIES/Columba palumbus_Common Wood Pigeon/XC552810.mp3;XC552810.mp3
410908;Columba;palumbus;palumbus;Columba palumbus_Common Wood Pigeon;birds;Common Wood Pigeon;Ruslan Mazuryk;Ukraine;Toky, Pidvolochys'kyi district, Ternopil's'ka oblast;49.634;26.2213;?;song;male;;field recording;//xeno-canto.org/410908;https://xeno-canto.org/410908/download;XC410908-MVI_7512.mp3;{'small': '//xeno-canto.org/sounds/uploaded/QIUOHGLLRX/ffts/XC410908-small.png', 'med': '//xeno-canto.org/sounds/uploaded/QIUOHGLLRX/ffts/XC410908-med.png', 'large': '//xeno-canto.org/sounds/uploaded/QIUOHGLLRX/ffts/XC410908-large.png', 'full': '//xeno-canto.org/sounds/uploaded/QIUOHGLLRX/ffts/XC410908-full.png'};{'small': '//xeno-canto.org/sounds/uploaded/QIUOHGLLRX/wave/XC410908-small.png', 'med': '//xeno-canto.org/sounds/uploaded/QIUOHGLLRX/wave/XC410908-med.png', 'large': '//xeno-canto.org/sounds/uploaded/QIUOHGLLRX/wave/XC410908-large.png'};//creativecommons.org/licenses/by-nc-sa/4.0/;A;00:25;18:49;2018-04-08;2018-04-15;['Passer domesticus'];;no;no;unknown;;;no;;;48000;build_dataset_temp/WORKFLOW_MULTIPLE_SPECIES/Columba palumbus_Common Wood Pigeon/XC410908.mp3;XC410908.mp3
792288;Columba;palumbus;;Columba palumbus_Common Wood Pigeon;birds;Common Wood Pigeon;SonoNatura;Spain;Vega de Toledo (near  Toledo), Toledo, Castile-La Mancha;39.8719;-4.0445;440;song;male;adult;field recording;//xeno-canto.org/792288;https://xeno-canto.org/792288/download;XC792288-torcaz.wav;{'small': '//xeno-canto.org/sounds/uploaded/CRSGYUOPGR/ffts/XC792288-small.png', 'med': '//xeno-canto.org/sounds/uploaded/CRSGYUOPGR/ffts/XC792288-med.png', 'large': '//xeno-canto.org/sounds/uploaded/CRSGYUOPGR/ffts/XC792288-large.png', 'full': '//xeno-canto.org/sounds/uploaded/CRSGYUOPGR/ffts/XC792288-full.png'};{'small': '//xeno-canto.org/sounds/uploaded/CRSGYUOPGR/wave/XC792288-small.png', 'med': '//xeno-canto.org/sounds/uploaded/CRSGYUOPGR/wave/XC792288-med.png', 'large': '//xeno-canto.org/sounds/uploaded/CRSGYUOPGR/wave/XC792288-large.png'};//creativecommons.org/licenses/by-nc-sa/4.0/;A;00:40;15:00;2023-04-08;2023-04-10;[];Pigeon perched in a tree, wooded area, next to the river.;yes;yes;no;;;no;;;48000;build_dataset_temp/WORKFLOW_MULTIPLE_SPECIES/Columba palumbus_Common Wood Pigeon/XC792288.mp3;XC792288.mp3
719579;Columba;palumbus;;Columba palumbus_Common Wood Pigeon;birds;Common Wood Pigeon;Lars Edenius;Sweden;Ratuträsket, Robertsfors Ö, Robertsfors Municipality, Västerbotten County;63.98;20.8004;20;song;;;field recording;//xeno-canto.org/719579;https://xeno-canto.org/719579/download;XC719579-Ringduva_11.mp3;{'small': '//xeno-canto.org/sounds/uploaded/MMEJYLOPDO/ffts/XC719579-small.png', 'med': '//xeno-canto.org/sounds/uploaded/MMEJYLOPDO/ffts/XC719579-med.png', 'large': '//xeno-canto.org/sounds/uploaded/MMEJYLOPDO/ffts/XC719579-large.png', 'full': '//xeno-canto.org/sounds/uploaded/MMEJYLOPDO/ffts/XC719579-full.png'};{'small': '//xeno-canto.org/sounds/uploaded/MMEJYLOPDO/wave/XC719579-small.png', 'med': '//xeno-canto.org/sounds/uploaded/MMEJYLOPDO/wave/XC719579-med.png', 'large': '//xeno-canto.org/sounds/uploaded/MMEJYLOPDO/wave/XC719579-large.png'};//creativecommons.org/licenses/by-nc-sa/4.0/;A;00:39;05:00;2022-04-25;2022-04-26;[];Looped track;no;no;no;;;no;;;48000;build_dataset_temp/WORKFLOW_MULTIPLE_SPECIES/Columba palumbus_Common Wood Pigeon/XC719579.mp3;XC719579.mp3
512606;Columba;palumbus;;Columba palumbus_Common Wood Pigeon;birds;Common Wood Pigeon;Olivier SWIFT;France;Azay-le-Ferron, Indre, Centre-Val de Loire;46.8511;1.0691;110;song;;;field recording;//xeno-canto.org/512606;https://xeno-canto.org/512606/download;XC512606-COLPAL_170620_3862_Azay36_CPIE.mp3;{'small': '//xeno-canto.org/sounds/uploaded/JCPKCBKKAQ/ffts/XC512606-small.png', 'med': '//xeno-canto.org/sounds/uploaded/JCPKCBKKAQ/ffts/XC512606-med.png', 'large': '//xeno-canto.org/sounds/uploaded/JCPKCBKKAQ/ffts/XC512606-large.png', 'full': '//xeno-canto.org/sounds/uploaded/JCPKCBKKAQ/ffts/XC512606-full.png'};{'small': '//xeno-canto.org/sounds/uploaded/JCPKCBKKAQ/wave/XC512606-small.png', 'med': '//xeno-canto.org/sounds/uploaded/JCPKCBKKAQ/wave/XC512606-med.png', 'large': '//xeno-canto.org/sounds/uploaded/JCPKCBKKAQ/wave/XC512606-large.png'};//creativecommons.org/licenses/by-nc-sa/4.0/;A;00:47;05:59;2017-06-20;2019-12-19;['Fringilla coelebs', 'Delichon urbicum', 'Chloris chloris', 'Apus apus', 'Passer domesticus'];Tascam DR05 - Wildtronics parabole;yes;yes;no;;;no;;;48000;build_dataset_temp/WORKFLOW_MULTIPLE_SPECIES/Columba palumbus_Common Wood Pigeon/XC512606.mp3;XC512606.mp3
791659;Columba;palumbus;;Columba palumbus_Common Wood Pigeon;birds;Common Wood Pigeon;Stephan Risch;Germany;D, NW, LEV, Opladen. Imbacher Weg, Garten und Gartenbrachen;51.0763;7.0154;80;song;uncertain;adult;field recording;//xeno-canto.org/791659;https://xeno-canto.org/791659/download;XC791659-230405_1583-1743-Ringeltaube.-Song.-D,-NW,-LEV.-Stephan-Risch.wav;{'small': '//xeno-canto.org/sounds/uploaded/TFOGOENSTQ/ffts/XC791659-small.png', 'med': '//xeno-canto.org/sounds/uploaded/TFOGOENSTQ/ffts/XC791659-med.png', 'large': '//xeno-canto.org/sounds/uploaded/TFOGOENSTQ/ffts/XC791659-large.png', 'full': '//xeno-canto.org/sounds/uploaded/TFOGOENSTQ/ffts/XC791659-full.png'};{'small': '//xeno-canto.org/sounds/uploaded/TFOGOENSTQ/wave/XC791659-small.png', 'med': '//xeno-canto.org/sounds/uploaded/TFOGOENSTQ/wave/XC791659-med.png', 'large': '//xeno-canto.org/sounds/uploaded/TFOGOENSTQ/wave/XC791659-large.png'};//creativecommons.org/licenses/by-nc-sa/4.0/;A;00:25;17:43;2023-04-05;2023-04-07;[];Song, lift off with wings sound and wing clapping.;yes;yes;no;;;no;;;32000;build_dataset_temp/WORKFLOW_MULTIPLE_SPECIES/Columba palumbus_Common Wood Pigeon/XC791659.mp3;XC791659.mp3
744882;Columba;palumbus;;Columba palumbus_Common Wood Pigeon;birds;Common Wood Pigeon;Oscar Campbell;Portugal;Pico da Vigia, Santa Barbara;38.6879;-27.3434;120;song;uncertain;adult;field recording;//xeno-canto.org/744882;https://xeno-canto.org/744882/download;XC744882-220727_Common Woodpigeon_song_Pico da Vigia_TC_OC.mp3;{'small': '//xeno-canto.org/sounds/uploaded/RFRTVEHIZX/ffts/XC744882-small.png', 'med': '//xeno-canto.org/sounds/uploaded/RFRTVEHIZX/ffts/XC744882-med.png', 'large': '//xeno-canto.org/sounds/uploaded/RFRTVEHIZX/ffts/XC744882-large.png', 'full': '//xeno-canto.org/sounds/uploaded/RFRTVEHIZX/ffts/XC744882-full.png'};{'small': '//xeno-canto.org/sounds/uploaded/RFRTVEHIZX/wave/XC744882-small.png', 'med': '//xeno-canto.org/sounds/uploaded/RFRTVEHIZX/wave/XC744882-med.png', 'large': '//xeno-canto.org/sounds/uploaded/RFRTVEHIZX/wave/XC744882-large.png'};//creativecommons.org/licenses/by-nc-nd/4.0/;A;00:23;07:30;2022-07-27;2022-08-24;['Sylvia atricapilla', 'Passer domesticus'];Song of bird, not seen, in dense forest.;no;no;no;;;no;;;44100;build_dataset_temp/WORKFLOW_MULTIPLE_SPECIES/Columba palumbus_Common Wood Pigeon/XC744882.mp3;XC744882.mp3
812328;Columba;palumbus;;Columba palumbus_Common Wood Pigeon;birds;Common Wood Pigeon;Carlos Pereira;Portugal;Pico Gaspar, Angra do Heroísmo, Azores;38.7328;-27.2675;550;song;male;adult;field recording;//xeno-canto.org/812328;https://xeno-canto.org/812328/download;XC812328-Colpal1_Pico-Gaspar.wav;{'small': '//xeno-canto.org/sounds/uploaded/JXZPZYPQKP/ffts/XC812328-small.png', 'med': '//xeno-canto.org/sounds/uploaded/JXZPZYPQKP/ffts/XC812328-med.png', 'large': '//xeno-canto.org/sounds/uploaded/JXZPZYPQKP/ffts/XC812328-large.png', 'full': '//xeno-canto.org/sounds/uploaded/JXZPZYPQKP/ffts/XC812328-full.png'};{'small': '//xeno-canto.org/sounds/uploaded/JXZPZYPQKP/wave/XC812328-small.png', 'med': '//xeno-canto.org/sounds/uploaded/JXZPZYPQKP/wave/XC812328-med.png', 'large': '//xeno-canto.org/sounds/uploaded/JXZPZYPQKP/wave/XC812328-large.png'};//creativecommons.org/licenses/by-nc-sa/4.0/;A;00:21;20:38;2023-06-19;2023-06-27;['Fringilla coelebs', 'Turdus merula'];;no;no;no;;;yes;;;44100;build_dataset_temp/WORKFLOW_MULTIPLE_SPECIES/Columba palumbus_Common Wood Pigeon/XC812328.mp3;XC812328.mp3
781832;Columba;palumbus;;Columba palumbus_Common Wood Pigeon;birds;Common Wood Pigeon;Frank A. Roos;Netherlands;Maarssen, Stichtse Vecht, Utrecht;52.1331;5.0491;0;song, parus major;;adult;field recording;//xeno-canto.org/781832;https://xeno-canto.org/781832/download;XC781832-houtduif_aud_zwow1.wav;{'small': '//xeno-canto.org/sounds/uploaded/LQCZCYNEGU/ffts/XC781832-small.png', 'med': '//xeno-canto.org/sounds/uploaded/LQCZCYNEGU/ffts/XC781832-med.png', 'large': '//xeno-canto.org/sounds/uploaded/LQCZCYNEGU/ffts/XC781832-large.png', 'full': '//xeno-canto.org/sounds/uploaded/LQCZCYNEGU/ffts/XC781832-full.png'};{'small': '//xeno-canto.org/sounds/uploaded/LQCZCYNEGU/wave/XC781832-small.png', 'med': '//xeno-canto.org/sounds/uploaded/LQCZCYNEGU/wave/XC781832-med.png', 'large': '//xeno-canto.org/sounds/uploaded/LQCZCYNEGU/wave/XC781832-large.png'};//creativecommons.org/licenses/by-nc-sa/4.0/;A;00:49;11:42;2023-02-21;2023-02-21;[];;yes;yes;no;;;no;;;44100;build_dataset_temp/WORKFLOW_MULTIPLE_SPECIES/Columba palumbus_Common Wood Pigeon/XC781832.mp3;XC781832.mp3
665444;Columba;palumbus;;Columba palumbus_Common Wood Pigeon;birds;Common Wood Pigeon;Manceau Lionel;France;Coudray, Mayenne, Pays de la Loire;47.7907;-0.6461;70;song;;;field recording;//xeno-canto.org/665444;https://xeno-canto.org/665444/download;XC665444-210726_0206_Pigeon ramier_chant_Coudray.mp3;{'small': '//xeno-canto.org/sounds/uploaded/YCPZMKPRPA/ffts/XC665444-small.png', 'med': '//xeno-canto.org/sounds/uploaded/YCPZMKPRPA/ffts/XC665444-med.png', 'large': '//xeno-canto.org/sounds/uploaded/YCPZMKPRPA/ffts/XC665444-large.png', 'full': '//xeno-canto.org/sounds/uploaded/YCPZMKPRPA/ffts/XC665444-full.png'};{'small': '//xeno-canto.org/sounds/uploaded/YCPZMKPRPA/wave/XC665444-small.png', 'med': '//xeno-canto.org/sounds/uploaded/YCPZMKPRPA/wave/XC665444-med.png', 'large': '//xeno-canto.org/sounds/uploaded/YCPZMKPRPA/wave/XC665444-large.png'};//creativecommons.org/licenses/by-nc-sa/4.0/;A;00:38;06:30;2021-07-26;2021-07-29;[];;unknown;unknown;unknown;;;no;;;48000;build_dataset_temp/WORKFLOW_MULTIPLE_SPECIES/Columba palumbus_Common Wood Pigeon/XC665444.mp3;XC665444.mp3
449639;Columba;palumbus;;Columba palumbus_Common Wood Pigeon;birds;Common Wood Pigeon;Patrik Åberg;Sweden;Källedalen, Fröstorp, Tibro, Västergötland;58.4278;14.2273;140;song;;;field recording;//xeno-canto.org/449639;https://xeno-canto.org/449639/download;XC449639--Ringduva-sång-Källedalen Fröstorp, Tibro Vg-(2018-05-13 05.55)-LS142882.mp3;{'small': '//xeno-canto.org/sounds/uploaded/BPSDQEOJWG/ffts/XC449639-small.png', 'med': '//xeno-canto.org/sounds/uploaded/BPSDQEOJWG/ffts/XC449639-med.png', 'large': '//xeno-canto.org/sounds/uploaded/BPSDQEOJWG/ffts/XC449639-large.png', 'full': '//xeno-canto.org/sounds/uploaded/BPSDQEOJWG/ffts/XC449639-full.png'};{'small': '//xeno-canto.org/sounds/uploaded/BPSDQEOJWG/wave/XC449639-small.png', 'med': '//xeno-canto.org/sounds/uploaded/BPSDQEOJWG/wave/XC449639-med.png', 'large': '//xeno-canto.org/sounds/uploaded/BPSDQEOJWG/wave/XC449639-large.png'};//creativecommons.org/licenses/by-nc-sa/4.0/;A;00:34;05:55;2018-05-13;2019-01-08;[];;yes;yes;no;;;no;;;44100;build_dataset_temp/WORKFLOW_MULTIPLE_SPECIES/Columba palumbus_Common Wood Pigeon/XC449639.mp3;XC449639.mp3
725799;Columba;palumbus;;Columba palumbus_Common Wood Pigeon;birds;Common Wood Pigeon;A. Dreißigacker;Germany;Kreisfreie Stadt Speyer (near  Speyer), Karlsruhe, Rheinland-Pfalz;49.3121;8.4306;100;song;;adult;field recording;//xeno-canto.org/725799;https://xeno-canto.org/725799/download;XC725799-Ringeltaube 14.05.22 6.14.mp3;{'small': '//xeno-canto.org/sounds/uploaded/IGWLKPQFGS/ffts/XC725799-small.png', 'med': '//xeno-canto.org/sounds/uploaded/IGWLKPQFGS/ffts/XC725799-med.png', 'large': '//xeno-canto.org/sounds/uploaded/IGWLKPQFGS/ffts/XC725799-large.png', 'full': '//xeno-canto.org/sounds/uploaded/IGWLKPQFGS/ffts/XC725799-full.png'};{'small': '//xeno-canto.org/sounds/uploaded/IGWLKPQFGS/wave/XC725799-small.png', 'med': '//xeno-canto.org/sounds/uploaded/IGWLKPQFGS/wave/XC725799-med.png', 'large': '//xeno-canto.org/sounds/uploaded/IGWLKPQFGS/wave/XC725799-large.png'};//creativecommons.org/licenses/by-nc-sa/4.0/;A;00:22;06:14;2022-05-14;2022-05-21;[];;yes;yes;no;;;no;;;48000;build_dataset_temp/WORKFLOW_MULTIPLE_SPECIES/Columba palumbus_Common Wood Pigeon/XC725799.mp3;XC725799.mp3
228541;Columba;palumbus;;Columba palumbus_Common Wood Pigeon;birds;Common Wood Pigeon;Harry Lehto;Finland;Kaarina;60.3963;22.3703;10;song;;;field recording;//xeno-canto.org/228541;https://xeno-canto.org/228541/download;XC228541-Default Project.mp3;{'small': '//xeno-canto.org/sounds/uploaded/ITRRPVYHIT/ffts/XC228541-small.png', 'med': '//xeno-canto.org/sounds/uploaded/ITRRPVYHIT/ffts/XC228541-med.png', 'large': '//xeno-canto.org/sounds/uploaded/ITRRPVYHIT/ffts/XC228541-large.png', 'full': '//xeno-canto.org/sounds/uploaded/ITRRPVYHIT/ffts/XC228541-full.png'};{'small': '//xeno-canto.org/sounds/uploaded/ITRRPVYHIT/wave/XC228541-small.png', 'med': '//xeno-canto.org/sounds/uploaded/ITRRPVYHIT/wave/XC228541-med.png', 'large': '//xeno-canto.org/sounds/uploaded/ITRRPVYHIT/wave/XC228541-large.png'};//creativecommons.org/licenses/by-nc-sa/4.0/;A;00:31;?;2007-06-29;2015-03-23;[];;unknown;unknown;unknown;;;no;;;44100;build_dataset_temp/WORKFLOW_MULTIPLE_SPECIES/Columba palumbus_Common Wood Pigeon/XC228541.mp3;XC228541.mp3
334343;Phylloscopus;collybita;;Phylloscopus collybita_Common Chiffchaff;birds;Common Chiffchaff;borzolo;Italy;Benevento, Provincia di Benevento, Campania;41.1475;14.7898;120;song;;;field recording;//xeno-canto.org/334343;https://xeno-canto.org/334343/download;XC334343-2016.03.31_07.46_0_51_1_13.mp3;{'small': '//xeno-canto.org/sounds/uploaded/OMLNVXLSEV/ffts/XC334343-small.png', 'med': '//xeno-canto.org/sounds/uploaded/OMLNVXLSEV/ffts/XC334343-med.png', 'large': '//xeno-canto.org/sounds/uploaded/OMLNVXLSEV/ffts/XC334343-large.png', 'full': '//xeno-canto.org/sounds/uploaded/OMLNVXLSEV/ffts/XC334343-full.png'};{'small': '//xeno-canto.org/sounds/uploaded/OMLNVXLSEV/wave/XC334343-small.png', 'med': '//xeno-canto.org/sounds/uploaded/OMLNVXLSEV/wave/XC334343-med.png', 'large': '//xeno-canto.org/sounds/uploaded/OMLNVXLSEV/wave/XC334343-large.png'};//creativecommons.org/licenses/by-nc-sa/4.0/;A;00:22;07:30;2016-03-31;2016-09-12;['Parus major', 'Corvus cornix'];In the recording you can hear 2 (or more) species. Tha recording was made on a river bank. Very probably it is a common species. Thanks in advance for your help!;no;no;no;;;no;;;44100;build_dataset_temp/WORKFLOW_MULTIPLE_SPECIES/Phylloscopus collybita_Common Chiffchaff/XC334343.mp3;XC334343.mp3
313333;Phylloscopus;collybita;abietinus;Phylloscopus collybita_Common Chiffchaff;birds;Common Chiffchaff;Albert Lastukhin;Russian Federation;Cheboksary, gorod Cheboksary, Республика Чувашская - Чувашия;56.092;47.2613;190;song;;;field recording;//xeno-canto.org/313333;https://xeno-canto.org/313333/download;XC313333-Ph. collybita abietinus 160415_005,B.MP3;{'small': '//xeno-canto.org/sounds/uploaded/LELYWQKUZX/ffts/XC313333-small.png', 'med': '//xeno-canto.org/sounds/uploaded/LELYWQKUZX/ffts/XC313333-med.png', 'large': '//xeno-canto.org/sounds/uploaded/LELYWQKUZX/ffts/XC313333-large.png', 'full': '//xeno-canto.org/sounds/uploaded/LELYWQKUZX/ffts/XC313333-full.png'};{'small': '//xeno-canto.org/sounds/uploaded/LELYWQKUZX/wave/XC313333-small.png', 'med': '//xeno-canto.org/sounds/uploaded/LELYWQKUZX/wave/XC313333-med.png', 'large': '//xeno-canto.org/sounds/uploaded/LELYWQKUZX/wave/XC313333-large.png'};//creativecommons.org/licenses/by-nc-sa/4.0/;A;00:40;08:30;2016-04-15;2016-04-22;[];;yes;yes;no;;;no;;;44100;build_dataset_temp/WORKFLOW_MULTIPLE_SPECIES/Phylloscopus collybita_Common Chiffchaff/XC313333.mp3;XC313333.mp3
463529;Phylloscopus;collybita;tristis;Phylloscopus collybita_Common Chiffchaff;birds;Common Chiffchaff;Andrew Easton;United Kingdom;Waveney District (near  Lowestoft), Suffolk, England;52.4789;1.724;10;song;;;field recording;//xeno-canto.org/463529;https://xeno-canto.org/463529/download;XC463529-Siberian Chiffchaff 26032019.mp3;{'small': '//xeno-canto.org/sounds/uploaded/IFAGRHOSIK/ffts/XC463529-small.png', 'med': '//xeno-canto.org/sounds/uploaded/IFAGRHOSIK/ffts/XC463529-med.png', 'large': '//xeno-canto.org/sounds/uploaded/IFAGRHOSIK/ffts/XC463529-large.png', 'full': '//xeno-canto.org/sounds/uploaded/IFAGRHOSIK/ffts/XC463529-full.png'};{'small': '//xeno-canto.org/sounds/uploaded/IFAGRHOSIK/wave/XC463529-small.png', 'med': '//xeno-canto.org/sounds/uploaded/IFAGRHOSIK/wave/XC463529-med.png', 'large': '//xeno-canto.org/sounds/uploaded/IFAGRHOSIK/wave/XC463529-large.png'};//creativecommons.org/licenses/by-nc-sa/4.0/;A;00:32;08:00;2019-03-26;2019-03-26;['Turdus merula', 'Larus argentatus', 'Erithacus rubecula', 'Tachybaptus ruficollis'];;yes;yes;no;;;no;;;48000;build_dataset_temp/WORKFLOW_MULTIPLE_SPECIES/Phylloscopus collybita_Common Chiffchaff/XC463529.mp3;XC463529.mp3
571924;Phylloscopus;collybita;collybita;Phylloscopus collybita_Common Chiffchaff;birds;Common Chiffchaff;Gary Elton;United Kingdom;Great Britain (near  Great Massingham), Norfolk, England;52.7759;0.6613;80;song;male;adult;field recording;//xeno-canto.org/571924;https://xeno-canto.org/571924/download;XC571924-Chiffchaff Good GM 20200424 HN4.mp3;{'small': '//xeno-canto.org/sounds/uploaded/EEOAIANXMX/ffts/XC571924-small.png', 'med': '//xeno-canto.org/sounds/uploaded/EEOAIANXMX/ffts/XC571924-med.png', 'large': '//xeno-canto.org/sounds/uploaded/EEOAIANXMX/ffts/XC571924-large.png', 'full': '//xeno-canto.org/sounds/uploaded/EEOAIANXMX/ffts/XC571924-full.png'};{'small': '//xeno-canto.org/sounds/uploaded/EEOAIANXMX/wave/XC571924-small.png', 'med': '//xeno-canto.org/sounds/uploaded/EEOAIANXMX/wave/XC571924-med.png', 'large': '//xeno-canto.org/sounds/uploaded/EEOAIANXMX/wave/XC571924-large.png'};//creativecommons.org/licenses/by-nc-sa/4.0/;A;00:33;06:30;2020-04-24;2020-06-27;['Anser anser', 'Turdus philomelos'];;yes;yes;no;;;no;;;44100;build_dataset_temp/WORKFLOW_MULTIPLE_SPECIES/Phylloscopus collybita_Common Chiffchaff/XC571924.mp3;XC571924.mp3
82678;Phylloscopus;collybita;;Phylloscopus collybita_Common Chiffchaff;birds;Common Chiffchaff;Juha Honkala;Finland;Kisko, Routtolammi;60.19;23.491;70;song;;;field recording;//xeno-canto.org/82678;https://xeno-canto.org/82678/download;LS100148Phycol.mp3;{'small': '//xeno-canto.org/sounds/uploaded/UTCLOBFQPH/ffts/XC82678-small.png', 'med': '//xeno-canto.org/sounds/uploaded/UTCLOBFQPH/ffts/XC82678-med.png', 'large': '//xeno-canto.org/sounds/uploaded/UTCLOBFQPH/ffts/XC82678-large.png', 'full': '//xeno-canto.org/sounds/uploaded/UTCLOBFQPH/ffts/XC82678-full.png'};{'small': '//xeno-canto.org/sounds/uploaded/UTCLOBFQPH/wave/XC82678-small.png', 'med': '//xeno-canto.org/sounds/uploaded/UTCLOBFQPH/wave/XC82678-med.png', 'large': '//xeno-canto.org/sounds/uploaded/UTCLOBFQPH/wave/XC82678-large.png'};//creativecommons.org/licenses/by-nc-nd/2.5/;A;00:49;19.51;2011-06-25;2011-07-03;[];;unknown;unknown;unknown;;;no;;;44100;build_dataset_temp/WORKFLOW_MULTIPLE_SPECIES/Phylloscopus collybita_Common Chiffchaff/XC82678.mp3;XC82678.mp3
177825;Phylloscopus;collybita;;Phylloscopus collybita_Common Chiffchaff;birds;Common Chiffchaff;Jordi Calvet;Spain;Regató, PN Montserrat;41.62;1.785;550;"call, song, song and ""tret"" calls";;;field recording;//xeno-canto.org/177825;https://xeno-canto.org/177825/download;XC177825-PHYCOL14h07m57s09may2014 (2).mp3;{'small': '//xeno-canto.org/sounds/uploaded/PNYKOPBQBQ/ffts/XC177825-small.png', 'med': '//xeno-canto.org/sounds/uploaded/PNYKOPBQBQ/ffts/XC177825-med.png', 'large': '//xeno-canto.org/sounds/uploaded/PNYKOPBQBQ/ffts/XC177825-large.png', 'full': '//xeno-canto.org/sounds/uploaded/PNYKOPBQBQ/ffts/XC177825-full.png'};{'small': '//xeno-canto.org/sounds/uploaded/PNYKOPBQBQ/wave/XC177825-small.png', 'med': '//xeno-canto.org/sounds/uploaded/PNYKOPBQBQ/wave/XC177825-med.png', 'large': '//xeno-canto.org/sounds/uploaded/PNYKOPBQBQ/wave/XC177825-large.png'};//creativecommons.org/licenses/by-nc-sa/4.0/;A;00:29;14:07;2014-05-09;2014-05-10;['Luscinia megarhynchos'];;yes;yes;no;;;no;;;48000;build_dataset_temp/WORKFLOW_MULTIPLE_SPECIES/Phylloscopus collybita_Common Chiffchaff/XC177825.mp3;XC177825.mp3
795700;Phylloscopus;collybita;;Phylloscopus collybita_Common Chiffchaff;birds;Common Chiffchaff;Alan Dalton;Sweden;Sandemar;59.1248;18.3501;10;song;male;adult;field recording;//xeno-canto.org/795700;https://xeno-canto.org/795700/download;XC795700-Chiff-mix-singer-Sand-best-23-apr-0721.wav;{'small': '//xeno-canto.org/sounds/uploaded/BBJSEFYVPV/ffts/XC795700-small.png', 'med': '//xeno-canto.org/sounds/uploaded/BBJSEFYVPV/ffts/XC795700-med.png', 'large': '//xeno-canto.org/sounds/uploaded/BBJSEFYVPV/ffts/XC795700-large.png', 'full': '//xeno-canto.org/sounds/uploaded/BBJSEFYVPV/ffts/XC795700-full.png'};{'small': '//xeno-canto.org/sounds/uploaded/BBJSEFYVPV/wave/XC795700-small.png', 'med': '//xeno-canto.org/sounds/uploaded/BBJSEFYVPV/wave/XC795700-med.png', 'large': '//xeno-canto.org/sounds/uploaded/BBJSEFYVPV/wave/XC795700-large.png'};//creativecommons.org/licenses/by-nc-sa/4.0/;A;00:36;06:30;2023-04-23;2023-04-25;[];Mixed singer! Alternating between this strophe and another that was like Chiffchaff. ;yes;yes;no;;;no;Telinga Parabola;Telinga Pro 8;96000;build_dataset_temp/WORKFLOW_MULTIPLE_SPECIES/Phylloscopus collybita_Common Chiffchaff/XC795700.mp3;XC795700.mp3
784678;Phylloscopus;collybita;;Phylloscopus collybita_Common Chiffchaff;birds;Common Chiffchaff;Paul Kelly;Ireland;Tacumshin Lake (East End), County Wexford;52.1963;-6.4439;0;song;male;uncertain;field recording;//xeno-canto.org/784678;https://xeno-canto.org/784678/download;XC784678-chiffchaff.wav;{'small': '//xeno-canto.org/sounds/uploaded/WBZVBDKAUE/ffts/XC784678-small.png', 'med': '//xeno-canto.org/sounds/uploaded/WBZVBDKAUE/ffts/XC784678-med.png', 'large': '//xeno-canto.org/sounds/uploaded/WBZVBDKAUE/ffts/XC784678-large.png', 'full': '//xeno-canto.org/sounds/uploaded/WBZVBDKAUE/ffts/XC784678-full.png'};{'small': '//xeno-canto.org/sounds/uploaded/WBZVBDKAUE/wave/XC784678-small.png', 'med': '//xeno-canto.org/sounds/uploaded/WBZVBDKAUE/wave/XC784678-med.png', 'large': '//xeno-canto.org/sounds/uploaded/WBZVBDKAUE/wave/XC784678-large.png'};//creativecommons.org/licenses/by-nc-sa/4.0/;A;00:35;08:30;2023-03-04;2023-03-08;[];;no;no;no;;;yes;Dodotronic parabola. ;Tascam. ;44100;build_dataset_temp/WORKFLOW_MULTIPLE_SPECIES/Phylloscopus collybita_Common Chiffchaff/XC784678.mp3;XC784678.mp3
546827;Phylloscopus;collybita;;Phylloscopus collybita_Common Chiffchaff;birds;Common Chiffchaff;Peter Boesman;Belgium;Mechels Broek, Mechelen, Antwerpen;51.0177;4.516;0;song;male;;field recording;//xeno-canto.org/546827;https://xeno-canto.org/546827/download;XC546827-LS_55277 Tjifttjaf song A.mp3;{'small': '//xeno-canto.org/sounds/uploaded/OOECIWCSWV/ffts/XC546827-small.png', 'med': '//xeno-canto.org/sounds/uploaded/OOECIWCSWV/ffts/XC546827-med.png', 'large': '//xeno-canto.org/sounds/uploaded/OOECIWCSWV/ffts/XC546827-large.png', 'full': '//xeno-canto.org/sounds/uploaded/OOECIWCSWV/ffts/XC546827-full.png'};{'small': '//xeno-canto.org/sounds/uploaded/OOECIWCSWV/wave/XC546827-small.png', 'med': '//xeno-canto.org/sounds/uploaded/OOECIWCSWV/wave/XC546827-med.png', 'large': '//xeno-canto.org/sounds/uploaded/OOECIWCSWV/wave/XC546827-large.png'};//creativecommons.org/licenses/by-nc-nd/4.0/;A;00:56;09:45;2020-04-16;2020-04-17;[];;unknown;unknown;unknown;;;no;;;44100;build_dataset_temp/WORKFLOW_MULTIPLE_SPECIES/Phylloscopus collybita_Common Chiffchaff/XC546827.mp3;XC546827.mp3
630781;Phylloscopus;collybita;;Phylloscopus collybita_Common Chiffchaff;birds;Common Chiffchaff;Jacobo Ramil MIllarengo;Spain;  Sisalde, Ames, A Coruña, Galicia;42.8373;-8.652;30;song;;adult;field recording;//xeno-canto.org/630781;https://xeno-canto.org/630781/download;XC630781-210321_15Phyllos collybita Sisalde 9.30 .mp3;{'small': '//xeno-canto.org/sounds/uploaded/LHCOINSOBZ/ffts/XC630781-small.png', 'med': '//xeno-canto.org/sounds/uploaded/LHCOINSOBZ/ffts/XC630781-med.png', 'large': '//xeno-canto.org/sounds/uploaded/LHCOINSOBZ/ffts/XC630781-large.png', 'full': '//xeno-canto.org/sounds/uploaded/LHCOINSOBZ/ffts/XC630781-full.png'};{'small': '//xeno-canto.org/sounds/uploaded/LHCOINSOBZ/wave/XC630781-small.png', 'med': '//xeno-canto.org/sounds/uploaded/LHCOINSOBZ/wave/XC630781-med.png', 'large': '//xeno-canto.org/sounds/uploaded/LHCOINSOBZ/wave/XC630781-large.png'};//creativecommons.org/licenses/by-nc-sa/4.0/;A;00:36;09:30;2021-03-21;2021-03-22;[];;yes;yes;no;;;no;;;44100;build_dataset_temp/WORKFLOW_MULTIPLE_SPECIES/Phylloscopus collybita_Common Chiffchaff/XC630781.mp3;XC630781.mp3
787625;Phylloscopus;collybita;;Phylloscopus collybita_Common Chiffchaff;birds;Common Chiffchaff;Vladimír Nemček;Slovakia;Vysoká pri Morave, Malacky District, Bratislava Region;48.2952;16.923;140;song;uncertain;uncertain;field recording;//xeno-canto.org/787625;https://xeno-canto.org/787625/download;XC787625-pcollybitta_230322_dolny_les.wav;{'small': '//xeno-canto.org/sounds/uploaded/BDXEJXAEVH/ffts/XC787625-small.png', 'med': '//xeno-canto.org/sounds/uploaded/BDXEJXAEVH/ffts/XC787625-med.png', 'large': '//xeno-canto.org/sounds/uploaded/BDXEJXAEVH/ffts/XC787625-large.png', 'full': '//xeno-canto.org/sounds/uploaded/BDXEJXAEVH/ffts/XC787625-full.png'};{'small': '//xeno-canto.org/sounds/uploaded/BDXEJXAEVH/wave/XC787625-small.png', 'med': '//xeno-canto.org/sounds/uploaded/BDXEJXAEVH/wave/XC787625-med.png', 'large': '//xeno-canto.org/sounds/uploaded/BDXEJXAEVH/wave/XC787625-large.png'};//creativecommons.org/licenses/by-nc-sa/4.0/;A;00:53;11:30;2023-03-22;2023-03-22;[];two birds were singing from tree crowns at the edge of the forest and meadows, +17 degrees Celsius, cloudy, light breeze, high-passed;no;no;no;;;no;Olympus LS-P4;;48000;build_dataset_temp/WORKFLOW_MULTIPLE_SPECIES/Phylloscopus collybita_Common Chiffchaff/XC787625.mp3;XC787625.mp3
97737;Phylloscopus;collybita;;Phylloscopus collybita_Common Chiffchaff;birds;Common Chiffchaff;Richard Dunn;United Kingdom;Grindon Lough, Northumberland;55.001;-2.307;210;song;;;field recording;//xeno-canto.org/97737;https://xeno-canto.org/97737/download;Chiffchaff-120325-006.mp3;{'small': '//xeno-canto.org/sounds/uploaded/EUHNGQTHJS/ffts/XC97737-small.png', 'med': '//xeno-canto.org/sounds/uploaded/EUHNGQTHJS/ffts/XC97737-med.png', 'large': '//xeno-canto.org/sounds/uploaded/EUHNGQTHJS/ffts/XC97737-large.png', 'full': '//xeno-canto.org/sounds/uploaded/EUHNGQTHJS/ffts/XC97737-full.png'};{'small': '//xeno-canto.org/sounds/uploaded/EUHNGQTHJS/wave/XC97737-small.png', 'med': '//xeno-canto.org/sounds/uploaded/EUHNGQTHJS/wave/XC97737-med.png', 'large': '//xeno-canto.org/sounds/uploaded/EUHNGQTHJS/wave/XC97737-large.png'};//creativecommons.org/licenses/by-nc-nd/2.5/;A;00:22;16:00;2012-03-25;2012-03-31;[];same as XC97445 and XC97446;unknown;unknown;unknown;;;no;;;44100;build_dataset_temp/WORKFLOW_MULTIPLE_SPECIES/Phylloscopus collybita_Common Chiffchaff/XC97737.mp3;XC97737.mp3
798557;Phylloscopus;collybita;;Phylloscopus collybita_Common Chiffchaff;birds;Common Chiffchaff;Lars Edenius;Sweden;Bådahällan, Umeå Municipality, Västerbotten County;63.6057;19.9765;0;song;;;field recording;//xeno-canto.org/798557;https://xeno-canto.org/798557/download;XC798557-Gransångare_33.mp3;{'small': '//xeno-canto.org/sounds/uploaded/MMEJYLOPDO/ffts/XC798557-small.png', 'med': '//xeno-canto.org/sounds/uploaded/MMEJYLOPDO/ffts/XC798557-med.png', 'large': '//xeno-canto.org/sounds/uploaded/MMEJYLOPDO/ffts/XC798557-large.png', 'full': '//xeno-canto.org/sounds/uploaded/MMEJYLOPDO/ffts/XC798557-full.png'};{'small': '//xeno-canto.org/sounds/uploaded/MMEJYLOPDO/wave/XC798557-small.png', 'med': '//xeno-canto.org/sounds/uploaded/MMEJYLOPDO/wave/XC798557-med.png', 'large': '//xeno-canto.org/sounds/uploaded/MMEJYLOPDO/wave/XC798557-large.png'};//creativecommons.org/licenses/by-nc-sa/4.0/;A;00:48;08:00;2023-05-06;2023-05-06;[];SNR 52dB (ISO/ITU);yes;yes;no;;;no;;;48000;build_dataset_temp/WORKFLOW_MULTIPLE_SPECIES/Phylloscopus collybita_Common Chiffchaff/XC798557.mp3;XC798557.mp3
144519;Phylloscopus;collybita;tristis;Phylloscopus collybita_Common Chiffchaff;birds;Common Chiffchaff;Antero Lindholm;Russian Federation;Turochaksky District, Altay;51.7932;87.2994;440;song;;;field recording;//xeno-canto.org/144519;https://xeno-canto.org/144519/download;XC144519-2023_Phytri_20100616_Teletskoje.mp3;{'small': '//xeno-canto.org/sounds/uploaded/KTBTZAHSXF/ffts/XC144519-small.png', 'med': '//xeno-canto.org/sounds/uploaded/KTBTZAHSXF/ffts/XC144519-med.png', 'large': '//xeno-canto.org/sounds/uploaded/KTBTZAHSXF/ffts/XC144519-large.png', 'full': '//xeno-canto.org/sounds/uploaded/KTBTZAHSXF/ffts/XC144519-full.png'};{'small': '//xeno-canto.org/sounds/uploaded/KTBTZAHSXF/wave/XC144519-small.png', 'med': '//xeno-canto.org/sounds/uploaded/KTBTZAHSXF/wave/XC144519-med.png', 'large': '//xeno-canto.org/sounds/uploaded/KTBTZAHSXF/wave/XC144519-large.png'};//creativecommons.org/licenses/by-nc-sa/3.0/;A;00:46;04:30;2010-06-16;2013-08-08;[];;unknown;unknown;no;;;no;;;44100;build_dataset_temp/WORKFLOW_MULTIPLE_SPECIES/Phylloscopus collybita_Common Chiffchaff/XC144519.mp3;XC144519.mp3
97446;Phylloscopus;collybita;;Phylloscopus collybita_Common Chiffchaff;birds;Common Chiffchaff;Richard Dunn;United Kingdom;Grindon Lough, Northumberland;55.001;-2.307;210;song;;;field recording;//xeno-canto.org/97446;https://xeno-canto.org/97446/download;Chiffchaff-120325-009.mp3;{'small': '//xeno-canto.org/sounds/uploaded/EUHNGQTHJS/ffts/XC97446-small.png', 'med': '//xeno-canto.org/sounds/uploaded/EUHNGQTHJS/ffts/XC97446-med.png', 'large': '//xeno-canto.org/sounds/uploaded/EUHNGQTHJS/ffts/XC97446-large.png', 'full': '//xeno-canto.org/sounds/uploaded/EUHNGQTHJS/ffts/XC97446-full.png'};{'small': '//xeno-canto.org/sounds/uploaded/EUHNGQTHJS/wave/XC97446-small.png', 'med': '//xeno-canto.org/sounds/uploaded/EUHNGQTHJS/wave/XC97446-med.png', 'large': '//xeno-canto.org/sounds/uploaded/EUHNGQTHJS/wave/XC97446-large.png'};//creativecommons.org/licenses/by-nc-nd/2.5/;A;00:44;16:00;2012-03-25;2012-03-26;[];aberrant song. A mixed up Chiffchaff!!! same as XC97445 and XC97737;unknown;unknown;unknown;;;no;;;44100;build_dataset_temp/WORKFLOW_MULTIPLE_SPECIES/Phylloscopus collybita_Common Chiffchaff/XC97446.mp3;XC97446.mp3
396148;Phylloscopus;collybita;;Phylloscopus collybita_Common Chiffchaff;birds;Common Chiffchaff;Livon;Estonia;Lümanda vald, Saaremaa;58.1931;22.0727;0;call, song;;;field recording;//xeno-canto.org/396148;https://xeno-canto.org/396148/download;XC396148-Tjif_LumandaEsu_170506_0934.mp3;{'small': '//xeno-canto.org/sounds/uploaded/WIPMNWUHXI/ffts/XC396148-small.png', 'med': '//xeno-canto.org/sounds/uploaded/WIPMNWUHXI/ffts/XC396148-med.png', 'large': '//xeno-canto.org/sounds/uploaded/WIPMNWUHXI/ffts/XC396148-large.png', 'full': '//xeno-canto.org/sounds/uploaded/WIPMNWUHXI/ffts/XC396148-full.png'};{'small': '//xeno-canto.org/sounds/uploaded/WIPMNWUHXI/wave/XC396148-small.png', 'med': '//xeno-canto.org/sounds/uploaded/WIPMNWUHXI/wave/XC396148-med.png', 'large': '//xeno-canto.org/sounds/uploaded/WIPMNWUHXI/wave/XC396148-large.png'};//creativecommons.org/licenses/by-nc-nd/4.0/;A;00:30;09:34;2017-05-06;2017-12-16;['Fringilla coelebs', 'Phylloscopus collybita'];Recorded from webcam Beaver (Kobras), Lümanda vald, Saaremaa, Estonia.;no;no;no;;;no;;;48000;build_dataset_temp/WORKFLOW_MULTIPLE_SPECIES/Phylloscopus collybita_Common Chiffchaff/XC396148.mp3;XC396148.mp3
546799;Phylloscopus;collybita;;Phylloscopus collybita_Common Chiffchaff;birds;Common Chiffchaff;Peter Boesman;Belgium;Mechels Broek, Mechelen, Antwerpen;51.0177;4.516;0;song;;;field recording;//xeno-canto.org/546799;https://xeno-canto.org/546799/download;XC546799-LS_55234 Tjiftjaf song A.mp3;{'small': '//xeno-canto.org/sounds/uploaded/OOECIWCSWV/ffts/XC546799-small.png', 'med': '//xeno-canto.org/sounds/uploaded/OOECIWCSWV/ffts/XC546799-med.png', 'large': '//xeno-canto.org/sounds/uploaded/OOECIWCSWV/ffts/XC546799-large.png', 'full': '//xeno-canto.org/sounds/uploaded/OOECIWCSWV/ffts/XC546799-full.png'};{'small': '//xeno-canto.org/sounds/uploaded/OOECIWCSWV/wave/XC546799-small.png', 'med': '//xeno-canto.org/sounds/uploaded/OOECIWCSWV/wave/XC546799-med.png', 'large': '//xeno-canto.org/sounds/uploaded/OOECIWCSWV/wave/XC546799-large.png'};//creativecommons.org/licenses/by-nc-nd/4.0/;A;00:49;07:40;2020-04-16;2020-04-17;[];;unknown;unknown;unknown;;;no;;;44100;build_dataset_temp/WORKFLOW_MULTIPLE_SPECIES/Phylloscopus collybita_Common Chiffchaff/XC546799.mp3;XC546799.mp3
799031;Phylloscopus;collybita;;Phylloscopus collybita_Common Chiffchaff;birds;Common Chiffchaff;Lars Edenius;Sweden;Kråkenvägen, Nordmaling Municipality, Västerbotten County;63.4871;19.6912;10;song;;;field recording;//xeno-canto.org/799031;https://xeno-canto.org/799031/download;XC799031-Gransångare_34.mp3;{'small': '//xeno-canto.org/sounds/uploaded/MMEJYLOPDO/ffts/XC799031-small.png', 'med': '//xeno-canto.org/sounds/uploaded/MMEJYLOPDO/ffts/XC799031-med.png', 'large': '//xeno-canto.org/sounds/uploaded/MMEJYLOPDO/ffts/XC799031-large.png', 'full': '//xeno-canto.org/sounds/uploaded/MMEJYLOPDO/ffts/XC799031-full.png'};{'small': '//xeno-canto.org/sounds/uploaded/MMEJYLOPDO/wave/XC799031-small.png', 'med': '//xeno-canto.org/sounds/uploaded/MMEJYLOPDO/wave/XC799031-med.png', 'large': '//xeno-canto.org/sounds/uploaded/MMEJYLOPDO/wave/XC799031-large.png'};//creativecommons.org/licenses/by-nc-sa/4.0/;A;00:47;10:00;2023-05-08;2023-05-08;[];SNR 52dB (ISO/ITU);no;no;no;;;no;;;48000;build_dataset_temp/WORKFLOW_MULTIPLE_SPECIES/Phylloscopus collybita_Common Chiffchaff/XC799031.mp3;XC799031.mp3
441884;Phylloscopus;collybita;;Phylloscopus collybita_Common Chiffchaff;birds;Common Chiffchaff;W. Agster;Germany;Main-Kinzig-Kreis (near  Maintal), Darmstadt, Hesse;50.1537;8.7829;100;call, song;;;field recording;//xeno-canto.org/441884;https://xeno-canto.org/441884/download;XC441884-xc-150711-013-0950-Phylloscopus-collybita.mp3;{'small': '//xeno-canto.org/sounds/uploaded/EXNUFPZKKY/ffts/XC441884-small.png', 'med': '//xeno-canto.org/sounds/uploaded/EXNUFPZKKY/ffts/XC441884-med.png', 'large': '//xeno-canto.org/sounds/uploaded/EXNUFPZKKY/ffts/XC441884-large.png', 'full': '//xeno-canto.org/sounds/uploaded/EXNUFPZKKY/ffts/XC441884-full.png'};{'small': '//xeno-canto.org/sounds/uploaded/EXNUFPZKKY/wave/XC441884-small.png', 'med': '//xeno-canto.org/sounds/uploaded/EXNUFPZKKY/wave/XC441884-med.png', 'large': '//xeno-canto.org/sounds/uploaded/EXNUFPZKKY/wave/XC441884-large.png'};//creativecommons.org/licenses/by-nc-sa/4.0/;A;00:26;09:50;2015-07-11;2018-11-10;[];High-pass-filtered;unknown;unknown;no;;;no;;;48000;build_dataset_temp/WORKFLOW_MULTIPLE_SPECIES/Phylloscopus collybita_Common Chiffchaff/XC441884.mp3;XC441884.mp3
524866;Phylloscopus;collybita;;Phylloscopus collybita_Common Chiffchaff;birds;Common Chiffchaff;W. Agster;Germany;Dithmarschen (near  Heide), Schleswig-Holstein;54.2056;9.1527;0;song;;;field recording;//xeno-canto.org/524866;https://xeno-canto.org/524866/download;XC524866-xc-wa006555-000006-Phylloscopus-collybita.mp3;{'small': '//xeno-canto.org/sounds/uploaded/EXNUFPZKKY/ffts/XC524866-small.png', 'med': '//xeno-canto.org/sounds/uploaded/EXNUFPZKKY/ffts/XC524866-med.png', 'large': '//xeno-canto.org/sounds/uploaded/EXNUFPZKKY/ffts/XC524866-large.png', 'full': '//xeno-canto.org/sounds/uploaded/EXNUFPZKKY/ffts/XC524866-full.png'};{'small': '//xeno-canto.org/sounds/uploaded/EXNUFPZKKY/wave/XC524866-small.png', 'med': '//xeno-canto.org/sounds/uploaded/EXNUFPZKKY/wave/XC524866-med.png', 'large': '//xeno-canto.org/sounds/uploaded/EXNUFPZKKY/wave/XC524866-large.png'};//creativecommons.org/licenses/by-nc-sa/4.0/;A;00:20;18:45;2019-06-05;2020-02-07;[];;yes;yes;no;;;no;;;48000;build_dataset_temp/WORKFLOW_MULTIPLE_SPECIES/Phylloscopus collybita_Common Chiffchaff/XC524866.mp3;XC524866.mp3
797952;Fringilla;coelebs;;Fringilla coelebs_Common Chaffinch;birds;Common Chaffinch;Aitor Zabala;Spain;Elorrio, Bizkaia.;43.1401;-2.5354;240;song;male;adult;field recording;//xeno-canto.org/797952;https://xeno-canto.org/797952/download;XC797952-pinzon-macho-canto.wav;{'small': '//xeno-canto.org/sounds/uploaded/YCXGODKJBG/ffts/XC797952-small.png', 'med': '//xeno-canto.org/sounds/uploaded/YCXGODKJBG/ffts/XC797952-med.png', 'large': '//xeno-canto.org/sounds/uploaded/YCXGODKJBG/ffts/XC797952-large.png', 'full': '//xeno-canto.org/sounds/uploaded/YCXGODKJBG/ffts/XC797952-full.png'};{'small': '//xeno-canto.org/sounds/uploaded/YCXGODKJBG/wave/XC797952-small.png', 'med': '//xeno-canto.org/sounds/uploaded/YCXGODKJBG/wave/XC797952-med.png', 'large': '//xeno-canto.org/sounds/uploaded/YCXGODKJBG/wave/XC797952-large.png'};//creativecommons.org/licenses/by-nc-sa/4.0/;A;00:41;21:00;2023-05-02;2023-05-02;[];Audacity: Normalized to -3dB. High pass filter;yes;yes;no;;;no;Olympus LSP1 + parabolic dish (50cm diameter);AOM-5024L-HD-R;44100;build_dataset_temp/WORKFLOW_MULTIPLE_SPECIES/Fringilla coelebs_Common Chaffinch/XC797952.mp3;XC797952.mp3
281748;Fringilla;coelebs;;Fringilla coelebs_Common Chaffinch;birds;Common Chaffinch;Peter Boesman;Belgium;Waharday, Luxembourg;50.233;5.466;;song;;;field recording;//xeno-canto.org/281748;https://xeno-canto.org/281748/download;XC281748-449 3 Vink 3 Zang.mp3;{'small': '//xeno-canto.org/sounds/uploaded/OOECIWCSWV/ffts/XC281748-small.png', 'med': '//xeno-canto.org/sounds/uploaded/OOECIWCSWV/ffts/XC281748-med.png', 'large': '//xeno-canto.org/sounds/uploaded/OOECIWCSWV/ffts/XC281748-large.png', 'full': '//xeno-canto.org/sounds/uploaded/OOECIWCSWV/ffts/XC281748-full.png'};{'small': '//xeno-canto.org/sounds/uploaded/OOECIWCSWV/wave/XC281748-small.png', 'med': '//xeno-canto.org/sounds/uploaded/OOECIWCSWV/wave/XC281748-med.png', 'large': '//xeno-canto.org/sounds/uploaded/OOECIWCSWV/wave/XC281748-large.png'};//creativecommons.org/licenses/by-nc-nd/4.0/;A;00:48;08:20;2007-03-16;2015-09-19;[];;unknown;unknown;unknown;;;no;;;44100;build_dataset_temp/WORKFLOW_MULTIPLE_SPECIES/Fringilla coelebs_Common Chaffinch/XC281748.mp3;XC281748.mp3
901601;Fringilla;coelebs;;Fringilla coelebs_Common Chaffinch;birds;Common Chaffinch;Rafael Costas;Spain;Río Miño, Tomiño;42.0173;-8.6591;10;song;male;adult;field recording;//xeno-canto.org/901601;https://xeno-canto.org/901601/download;XC901601-Fringilla-coelebs_2024-05-08-1717h_BIRDMIC_Tui.wav;{'small': '//xeno-canto.org/sounds/uploaded/WMRTWHQXVL/ffts/XC901601-small.png', 'med': '//xeno-canto.org/sounds/uploaded/WMRTWHQXVL/ffts/XC901601-med.png', 'large': '//xeno-canto.org/sounds/uploaded/WMRTWHQXVL/ffts/XC901601-large.png', 'full': '//xeno-canto.org/sounds/uploaded/WMRTWHQXVL/ffts/XC901601-full.png'};{'small': '//xeno-canto.org/sounds/uploaded/WMRTWHQXVL/wave/XC901601-small.png', 'med': '//xeno-canto.org/sounds/uploaded/WMRTWHQXVL/wave/XC901601-med.png', 'large': '//xeno-canto.org/sounds/uploaded/WMRTWHQXVL/wave/XC901601-large.png'};//creativecommons.org/licenses/by-nc-sa/4.0/;A;00:23;17:17;2024-05-08;2024-05-09;['Erithacus rubecula'];Hpf;yes;yes;no;;;no;ZOOM H1n;BIRDMIC parabolic mic;44100;build_dataset_temp/WORKFLOW_MULTIPLE_SPECIES/Fringilla coelebs_Common Chaffinch/XC901601.mp3;XC901601.mp3
293026;Fringilla;coelebs;;Fringilla coelebs_Common Chaffinch;birds;Common Chaffinch;Joost van Bruggen;Netherlands;Arnhem, Arnhem, Gelderland;51.9903;5.9262;40;song;male;;field recording;//xeno-canto.org/293026;https://xeno-canto.org/293026/download;XC293026-Vink, St janskerkstraat april 2015.mp3;{'small': '//xeno-canto.org/sounds/uploaded/RNMRWBXEZJ/ffts/XC293026-small.png', 'med': '//xeno-canto.org/sounds/uploaded/RNMRWBXEZJ/ffts/XC293026-med.png', 'large': '//xeno-canto.org/sounds/uploaded/RNMRWBXEZJ/ffts/XC293026-large.png', 'full': '//xeno-canto.org/sounds/uploaded/RNMRWBXEZJ/ffts/XC293026-full.png'};{'small': '//xeno-canto.org/sounds/uploaded/RNMRWBXEZJ/wave/XC293026-small.png', 'med': '//xeno-canto.org/sounds/uploaded/RNMRWBXEZJ/wave/XC293026-med.png', 'large': '//xeno-canto.org/sounds/uploaded/RNMRWBXEZJ/wave/XC293026-large.png'};//creativecommons.org/licenses/by-nc-sa/4.0/;A;00:52;07:00;2015-04-10;2015-12-01;[];Loud and clear;yes;yes;no;;;no;;;48000;build_dataset_temp/WORKFLOW_MULTIPLE_SPECIES/Fringilla coelebs_Common Chaffinch/XC293026.mp3;XC293026.mp3
912731;Fringilla;coelebs;;Fringilla coelebs_Common Chaffinch;birds;Common Chaffinch;Bodo Sonnenburg;Germany;Oder-Spree (near  Storkow (Mark)), Brandenburg;52.2324;13.8353;40;aberrant, song;male;;field recording;//xeno-canto.org/912731;https://xeno-canto.org/912731/download;XC912731-buchfink0607.mp3;{'small': '//xeno-canto.org/sounds/uploaded/QAJPWEPSTL/ffts/XC912731-small.png', 'med': '//xeno-canto.org/sounds/uploaded/QAJPWEPSTL/ffts/XC912731-med.png', 'large': '//xeno-canto.org/sounds/uploaded/QAJPWEPSTL/ffts/XC912731-large.png', 'full': '//xeno-canto.org/sounds/uploaded/QAJPWEPSTL/ffts/XC912731-full.png'};{'small': '//xeno-canto.org/sounds/uploaded/QAJPWEPSTL/wave/XC912731-small.png', 'med': '//xeno-canto.org/sounds/uploaded/QAJPWEPSTL/wave/XC912731-med.png', 'large': '//xeno-canto.org/sounds/uploaded/QAJPWEPSTL/wave/XC912731-large.png'};//creativecommons.org/licenses/by-nc-nd/4.0/;A;00:55;06:07;2024-06-13;2024-06-13;['Oriolus oriolus', 'Sylvia atricapilla', 'Troglodytes troglodytes'];;yes;yes;no;;;no;;;48000;build_dataset_temp/WORKFLOW_MULTIPLE_SPECIES/Fringilla coelebs_Common Chaffinch/XC912731.mp3;XC912731.mp3
881423;Fringilla;coelebs;;Fringilla coelebs_Common Chaffinch;birds;Common Chaffinch;João Tomás;Spain;Tierra de Campos (near  San Pedro de Latarce), Valladolid, Castile and León;41.7839;-5.3924;750;song;male;adult;field recording;//xeno-canto.org/881423;https://xeno-canto.org/881423/download;XC881423-Fringilla-coelebs_adult-male-singing-Pinus-pinea_120324_Monte-Raso.wav;{'small': '//xeno-canto.org/sounds/uploaded/POVKNQVSGU/ffts/XC881423-small.png', 'med': '//xeno-canto.org/sounds/uploaded/POVKNQVSGU/ffts/XC881423-med.png', 'large': '//xeno-canto.org/sounds/uploaded/POVKNQVSGU/ffts/XC881423-large.png', 'full': '//xeno-canto.org/sounds/uploaded/POVKNQVSGU/ffts/XC881423-full.png'};{'small': '//xeno-canto.org/sounds/uploaded/POVKNQVSGU/wave/XC881423-small.png', 'med': '//xeno-canto.org/sounds/uploaded/POVKNQVSGU/wave/XC881423-med.png', 'large': '//xeno-canto.org/sounds/uploaded/POVKNQVSGU/wave/XC881423-large.png'};//creativecommons.org/licenses/by-nc-sa/4.0/;A;00:41;14:30;2024-03-12;2024-03-13;['Picus sharpei', 'Corvus corone', 'Carduelis carduelis'];Singing from a Pinus pinea. Several males singing at the same time.;yes;yes;no;;;no;Zoom H5;Sennheiser ME66/K6;44100;build_dataset_temp/WORKFLOW_MULTIPLE_SPECIES/Fringilla coelebs_Common Chaffinch/XC881423.mp3;XC881423.mp3
708599;Fringilla;coelebs;;Fringilla coelebs_Common Chaffinch;birds;Common Chaffinch;Michał Jezierski;United Kingdom;RSPB Otmoor -- Main Bridleway, Oxfordshire, England;51.8123;-1.1804;60;song;male;;field recording;//xeno-canto.org/708599;https://xeno-canto.org/708599/download;XC708599-220313_fricoe_song.mp3;{'small': '//xeno-canto.org/sounds/uploaded/GPXJQQOAML/ffts/XC708599-small.png', 'med': '//xeno-canto.org/sounds/uploaded/GPXJQQOAML/ffts/XC708599-med.png', 'large': '//xeno-canto.org/sounds/uploaded/GPXJQQOAML/ffts/XC708599-large.png', 'full': '//xeno-canto.org/sounds/uploaded/GPXJQQOAML/ffts/XC708599-full.png'};{'small': '//xeno-canto.org/sounds/uploaded/GPXJQQOAML/wave/XC708599-small.png', 'med': '//xeno-canto.org/sounds/uploaded/GPXJQQOAML/wave/XC708599-med.png', 'large': '//xeno-canto.org/sounds/uploaded/GPXJQQOAML/wave/XC708599-large.png'};//creativecommons.org/licenses/by-nc-sa/4.0/;A;00:49;16:58;2022-03-13;2022-03-15;['Fulica atra', 'Cettia cetti', 'Pluvialis apricaria'];Bird singing while perched on a small tree in a hedgerow. No edits.;yes;yes;no;;;no;;;48000;build_dataset_temp/WORKFLOW_MULTIPLE_SPECIES/Fringilla coelebs_Common Chaffinch/XC708599.mp3;XC708599.mp3
240841;Fringilla;coelebs;coelebs;Fringilla coelebs_Common Chaffinch;birds;Common Chaffinch;Cedric Mroczko;France;Gréolières, Alpes-Maritimes, Provence-Alpes-Côte d'Azur;43.8086;6.8875;1100;song;;;field recording;//xeno-canto.org/240841;https://xeno-canto.org/240841/download;XC240841-150508_29.mp3;{'small': '//xeno-canto.org/sounds/uploaded/TJSRKPHQNP/ffts/XC240841-small.png', 'med': '//xeno-canto.org/sounds/uploaded/TJSRKPHQNP/ffts/XC240841-med.png', 'large': '//xeno-canto.org/sounds/uploaded/TJSRKPHQNP/ffts/XC240841-large.png', 'full': '//xeno-canto.org/sounds/uploaded/TJSRKPHQNP/ffts/XC240841-full.png'};{'small': '//xeno-canto.org/sounds/uploaded/TJSRKPHQNP/wave/XC240841-small.png', 'med': '//xeno-canto.org/sounds/uploaded/TJSRKPHQNP/wave/XC240841-med.png', 'large': '//xeno-canto.org/sounds/uploaded/TJSRKPHQNP/wave/XC240841-large.png'};//creativecommons.org/licenses/by-nc-sa/4.0/;A;00:59;17:00;2015-05-08;2015-05-10;['Fringilla coelebs', 'Lophophanes cristatus', 'Gryllus campestris', 'Phylloscopus bonelli'];High-pass filter (1000Hz, 6dB);yes;yes;no;;;no;Sony PCM-M10;Sennheiser ME66;44100;build_dataset_temp/WORKFLOW_MULTIPLE_SPECIES/Fringilla coelebs_Common Chaffinch/XC240841.mp3;XC240841.mp3
626171;Fringilla;coelebs;;Fringilla coelebs_Common Chaffinch;birds;Common Chaffinch;Calum Mckellar;United Kingdom;Great Britain (near  Water End), Hertfordshire, England;51.7835;-0.5;100;song;male;adult;field recording;//xeno-canto.org/626171;https://xeno-canto.org/626171/download;XC626171-Chaffinch 04-03-21.mp3;{'small': '//xeno-canto.org/sounds/uploaded/YNSNJEQGDT/ffts/XC626171-small.png', 'med': '//xeno-canto.org/sounds/uploaded/YNSNJEQGDT/ffts/XC626171-med.png', 'large': '//xeno-canto.org/sounds/uploaded/YNSNJEQGDT/ffts/XC626171-large.png', 'full': '//xeno-canto.org/sounds/uploaded/YNSNJEQGDT/ffts/XC626171-full.png'};{'small': '//xeno-canto.org/sounds/uploaded/YNSNJEQGDT/wave/XC626171-small.png', 'med': '//xeno-canto.org/sounds/uploaded/YNSNJEQGDT/wave/XC626171-med.png', 'large': '//xeno-canto.org/sounds/uploaded/YNSNJEQGDT/wave/XC626171-large.png'};//creativecommons.org/licenses/by-nc-sa/4.0/;A;00:27;08:37;2021-03-04;2021-03-04;[];;yes;yes;no;;;no;;;44100;build_dataset_temp/WORKFLOW_MULTIPLE_SPECIES/Fringilla coelebs_Common Chaffinch/XC626171.mp3;XC626171.mp3
715875;Fringilla;coelebs;;Fringilla coelebs_Common Chaffinch;birds;Common Chaffinch;Bodo Sonnenburg;Germany;Oder-Spree (near  Tauche), Brandenburg;52.1633;14.0829;60;song;;;field recording;//xeno-canto.org/715875;https://xeno-canto.org/715875/download;XC715875-buchf0726.mp3;{'small': '//xeno-canto.org/sounds/uploaded/QAJPWEPSTL/ffts/XC715875-small.png', 'med': '//xeno-canto.org/sounds/uploaded/QAJPWEPSTL/ffts/XC715875-med.png', 'large': '//xeno-canto.org/sounds/uploaded/QAJPWEPSTL/ffts/XC715875-large.png', 'full': '//xeno-canto.org/sounds/uploaded/QAJPWEPSTL/ffts/XC715875-full.png'};{'small': '//xeno-canto.org/sounds/uploaded/QAJPWEPSTL/wave/XC715875-small.png', 'med': '//xeno-canto.org/sounds/uploaded/QAJPWEPSTL/wave/XC715875-med.png', 'large': '//xeno-canto.org/sounds/uploaded/QAJPWEPSTL/wave/XC715875-large.png'};//creativecommons.org/licenses/by-nc-nd/4.0/;A;00:53;07:26;2022-04-16;2022-04-16;['Turdus viscivorus', 'Turdus philomelos', 'Phylloscopus collybita'];;yes;yes;no;;;no;;;48000;build_dataset_temp/WORKFLOW_MULTIPLE_SPECIES/Fringilla coelebs_Common Chaffinch/XC715875.mp3;XC715875.mp3
319852;Fringilla;coelebs;;Fringilla coelebs_Common Chaffinch;birds;Common Chaffinch;Jerome Fischer;Finland;Vitsiälä, Hauho;61.188;24.5131;80;song;;;field recording;//xeno-canto.org/319852;https://xeno-canto.org/319852/download;XC319852-Chaffinch, 26.05., song.mp3;{'small': '//xeno-canto.org/sounds/uploaded/JPBSNBUUEF/ffts/XC319852-small.png', 'med': '//xeno-canto.org/sounds/uploaded/JPBSNBUUEF/ffts/XC319852-med.png', 'large': '//xeno-canto.org/sounds/uploaded/JPBSNBUUEF/ffts/XC319852-large.png', 'full': '//xeno-canto.org/sounds/uploaded/JPBSNBUUEF/ffts/XC319852-full.png'};{'small': '//xeno-canto.org/sounds/uploaded/JPBSNBUUEF/wave/XC319852-small.png', 'med': '//xeno-canto.org/sounds/uploaded/JPBSNBUUEF/wave/XC319852-med.png', 'large': '//xeno-canto.org/sounds/uploaded/JPBSNBUUEF/wave/XC319852-large.png'};//creativecommons.org/licenses/by-nc-sa/4.0/;A;00:50;08:00;2016-05-26;2016-06-03;[];;yes;yes;no;;;no;;;44100;build_dataset_temp/WORKFLOW_MULTIPLE_SPECIES/Fringilla coelebs_Common Chaffinch/XC319852.mp3;XC319852.mp3
790655;Fringilla;coelebs;moreletti;Fringilla coelebs_Common Chaffinch;birds;Common Chaffinch;Carlos Pereira;Portugal;Lagoa do Landroal;38.4595;-28.2675;800;song;male;adult;field recording;//xeno-canto.org/790655;https://xeno-canto.org/790655/download;XC790655-Fricoetop2_Lagoa-do-Landroal.wav;{'small': '//xeno-canto.org/sounds/uploaded/JXZPZYPQKP/ffts/XC790655-small.png', 'med': '//xeno-canto.org/sounds/uploaded/JXZPZYPQKP/ffts/XC790655-med.png', 'large': '//xeno-canto.org/sounds/uploaded/JXZPZYPQKP/ffts/XC790655-large.png', 'full': '//xeno-canto.org/sounds/uploaded/JXZPZYPQKP/ffts/XC790655-full.png'};{'small': '//xeno-canto.org/sounds/uploaded/JXZPZYPQKP/wave/XC790655-small.png', 'med': '//xeno-canto.org/sounds/uploaded/JXZPZYPQKP/wave/XC790655-med.png', 'large': '//xeno-canto.org/sounds/uploaded/JXZPZYPQKP/wave/XC790655-large.png'};//creativecommons.org/licenses/by-nc-sa/4.0/;A;00:39;10:14;2023-04-03;2023-04-03;[];;no;no;no;;;yes;;;44100;build_dataset_temp/WORKFLOW_MULTIPLE_SPECIES/Fringilla coelebs_Common Chaffinch/XC790655.mp3;XC790655.mp3
35601;Fringilla;coelebs;;Fringilla coelebs_Common Chaffinch;birds;Common Chaffinch;Arnold Meijer;Netherlands;Ganzenhoek, Meijendel, Zuid-Holland;52.1595;4.3595;0;song;;;field recording;//xeno-canto.org/35601;https://xeno-canto.org/35601/download;BLUEROBIN_Vink_Ganzenhoek_Wassenaar_ArnoldMeijer_210309_LS100547.mp3;{'small': '//xeno-canto.org/sounds/uploaded/UXOKEACNUT/ffts/XC35601-small.png', 'med': '//xeno-canto.org/sounds/uploaded/UXOKEACNUT/ffts/XC35601-med.png', 'large': '//xeno-canto.org/sounds/uploaded/UXOKEACNUT/ffts/XC35601-large.png', 'full': '//xeno-canto.org/sounds/uploaded/UXOKEACNUT/ffts/XC35601-full.png'};{'small': '//xeno-canto.org/sounds/uploaded/UXOKEACNUT/wave/XC35601-small.png', 'med': '//xeno-canto.org/sounds/uploaded/UXOKEACNUT/wave/XC35601-med.png', 'large': '//xeno-canto.org/sounds/uploaded/UXOKEACNUT/wave/XC35601-large.png'};//creativecommons.org/licenses/by-nc-nd/2.5/;A;00:31;?:?;2009-03-21;2009-06-11;['Luscinia megarhynchos'];link:http://www.bluerobin.nl;unknown;unknown;unknown;;;no;;;48000;build_dataset_temp/WORKFLOW_MULTIPLE_SPECIES/Fringilla coelebs_Common Chaffinch/XC35601.mp3;XC35601.mp3
512401;Fringilla;coelebs;;Fringilla coelebs_Common Chaffinch;birds;Common Chaffinch;Romuald Mikusek;Poland;Stolowe Mts. NP, kłodzki, Województwo dolnośląskie;50.4554;16.3957;750;song;male;;field recording;//xeno-canto.org/512401;https://xeno-canto.org/512401/download;XC512401-190531_1046_F.coelebs_nietypowa.mp3;{'small': '//xeno-canto.org/sounds/uploaded/BLMSIUFTFU/ffts/XC512401-small.png', 'med': '//xeno-canto.org/sounds/uploaded/BLMSIUFTFU/ffts/XC512401-med.png', 'large': '//xeno-canto.org/sounds/uploaded/BLMSIUFTFU/ffts/XC512401-large.png', 'full': '//xeno-canto.org/sounds/uploaded/BLMSIUFTFU/ffts/XC512401-full.png'};{'small': '//xeno-canto.org/sounds/uploaded/BLMSIUFTFU/wave/XC512401-small.png', 'med': '//xeno-canto.org/sounds/uploaded/BLMSIUFTFU/wave/XC512401-med.png', 'large': '//xeno-canto.org/sounds/uploaded/BLMSIUFTFU/wave/XC512401-large.png'};//creativecommons.org/licenses/by-nc-sa/4.0/;A;00:59;9:20;2019-05-31;2019-12-18;['Regulus ignicapilla', 'Phylloscopus collybita', 'Anthus trivialis'];not typical song for this area;yes;yes;no;;;no;;;48000;build_dataset_temp/WORKFLOW_MULTIPLE_SPECIES/Fringilla coelebs_Common Chaffinch/XC512401.mp3;XC512401.mp3
762230;Fringilla;coelebs;;Fringilla coelebs_Common Chaffinch;birds;Common Chaffinch;Romuald Mikusek;Poland;Stolowe Mts. NP, Kudowa-Zdrój, kłodzki, Województwo dolnośląskie;50.4674;16.3757;750;song;uncertain;;field recording;//xeno-canto.org/762230;https://xeno-canto.org/762230/download;XC762230-S4A10708_20190516_9.30_F.coel-śp.mp3;{'small': '//xeno-canto.org/sounds/uploaded/BLMSIUFTFU/ffts/XC762230-small.png', 'med': '//xeno-canto.org/sounds/uploaded/BLMSIUFTFU/ffts/XC762230-med.png', 'large': '//xeno-canto.org/sounds/uploaded/BLMSIUFTFU/ffts/XC762230-large.png', 'full': '//xeno-canto.org/sounds/uploaded/BLMSIUFTFU/ffts/XC762230-full.png'};{'small': '//xeno-canto.org/sounds/uploaded/BLMSIUFTFU/wave/XC762230-small.png', 'med': '//xeno-canto.org/sounds/uploaded/BLMSIUFTFU/wave/XC762230-med.png', 'large': '//xeno-canto.org/sounds/uploaded/BLMSIUFTFU/wave/XC762230-large.png'};//creativecommons.org/licenses/by-nc-sa/4.0/;A;00:40;09:30;2019-05-16;2022-11-21;['Regulus regulus', 'Turdus merula', 'Prunella modularis', 'Phylloscopus collybita'];spruce forest near the stream;no;no;no;;;yes;SM4;;24000;build_dataset_temp/WORKFLOW_MULTIPLE_SPECIES/Fringilla coelebs_Common Chaffinch/XC762230.mp3;XC762230.mp3
133371;Fringilla;coelebs;;Fringilla coelebs_Common Chaffinch;birds;Common Chaffinch;Fernand DEROUSSEN;France;Lesches-en-Diois, Drome, Rhone-Alpes;44.5861;5.543;950;song;;;field recording;//xeno-canto.org/133371;https://xeno-canto.org/133371/download;XC133371-2013051104_Fringilla coelebs_Lesches_mono_F DEROUSSEN.mp3;{'small': '//xeno-canto.org/sounds/uploaded/UXGZWVYDFE/ffts/XC133371-small.png', 'med': '//xeno-canto.org/sounds/uploaded/UXGZWVYDFE/ffts/XC133371-med.png', 'large': '//xeno-canto.org/sounds/uploaded/UXGZWVYDFE/ffts/XC133371-large.png', 'full': '//xeno-canto.org/sounds/uploaded/UXGZWVYDFE/ffts/XC133371-full.png'};{'small': '//xeno-canto.org/sounds/uploaded/UXGZWVYDFE/wave/XC133371-small.png', 'med': '//xeno-canto.org/sounds/uploaded/UXGZWVYDFE/wave/XC133371-med.png', 'large': '//xeno-canto.org/sounds/uploaded/UXGZWVYDFE/wave/XC133371-large.png'};//creativecommons.org/licenses/by-nc-nd/3.0/;A;00:56;07:00;2013-05-11;2013-05-12;[];;yes;yes;no;;;no;;;48000;build_dataset_temp/WORKFLOW_MULTIPLE_SPECIES/Fringilla coelebs_Common Chaffinch/XC133371.mp3;XC133371.mp3
236448;Fringilla;coelebs;;Fringilla coelebs_Common Chaffinch;birds;Common Chaffinch;Terje Kolaas;Norway;Levanger, Nord-Trøndelag;;;10;song;;;field recording;//xeno-canto.org/236448;https://xeno-canto.org/236448/download;XC236448-bokfink-0414_072112.mp3;{'small': '//xeno-canto.org/sounds/uploaded/CIMGCGUWCS/ffts/XC236448-small.png', 'med': '//xeno-canto.org/sounds/uploaded/CIMGCGUWCS/ffts/XC236448-med.png', 'large': '//xeno-canto.org/sounds/uploaded/CIMGCGUWCS/ffts/XC236448-large.png', 'full': '//xeno-canto.org/sounds/uploaded/CIMGCGUWCS/ffts/XC236448-full.png'};{'small': '//xeno-canto.org/sounds/uploaded/CIMGCGUWCS/wave/XC236448-small.png', 'med': '//xeno-canto.org/sounds/uploaded/CIMGCGUWCS/wave/XC236448-med.png', 'large': '//xeno-canto.org/sounds/uploaded/CIMGCGUWCS/wave/XC236448-large.png'};//creativecommons.org/licenses/by-nc-nd/4.0/;A;00:48;06:30;2015-04-14;2015-04-18;[];;yes;yes;no;;;no;;;48000;build_dataset_temp/WORKFLOW_MULTIPLE_SPECIES/Fringilla coelebs_Common Chaffinch/XC236448.mp3;XC236448.mp3
177397;Fringilla;coelebs;;Fringilla coelebs_Common Chaffinch;birds;Common Chaffinch;david m;United Kingdom;Ryedale (near  West Lutton), North Yorkshire, England;54.125;-0.5742;100;call, song;male;;field recording;//xeno-canto.org/177397;https://xeno-canto.org/177397/download;XC177397-T05.mp3;{'small': '//xeno-canto.org/sounds/uploaded/BTOFEKXFGW/ffts/XC177397-small.png', 'med': '//xeno-canto.org/sounds/uploaded/BTOFEKXFGW/ffts/XC177397-med.png', 'large': '//xeno-canto.org/sounds/uploaded/BTOFEKXFGW/ffts/XC177397-large.png', 'full': '//xeno-canto.org/sounds/uploaded/BTOFEKXFGW/ffts/XC177397-full.png'};{'small': '//xeno-canto.org/sounds/uploaded/BTOFEKXFGW/wave/XC177397-small.png', 'med': '//xeno-canto.org/sounds/uploaded/BTOFEKXFGW/wave/XC177397-med.png', 'large': '//xeno-canto.org/sounds/uploaded/BTOFEKXFGW/wave/XC177397-large.png'};//creativecommons.org/licenses/by-nc-nd/4.0/;A;00:42;06:45;2014-03-14;2014-05-06;[];Chaffinch song and calls ... not filtered ... parabolic ... windy ...;yes;yes;no;;;no;;;48000;build_dataset_temp/WORKFLOW_MULTIPLE_SPECIES/Fringilla coelebs_Common Chaffinch/XC177397.mp3;XC177397.mp3
36201;Fringilla;coelebs;;Fringilla coelebs_Common Chaffinch;birds;Common Chaffinch;Tomas Belka;Poland;Miedzygorze, Silesia;50.2167;16.7501;600;song;;;field recording;//xeno-canto.org/36201;https://xeno-canto.org/36201/download;XC_FRICOE4.mp3;{'small': '//xeno-canto.org/sounds/uploaded/UVCHPWXJBN/ffts/XC36201-small.png', 'med': '//xeno-canto.org/sounds/uploaded/UVCHPWXJBN/ffts/XC36201-med.png', 'large': '//xeno-canto.org/sounds/uploaded/UVCHPWXJBN/ffts/XC36201-large.png', 'full': '//xeno-canto.org/sounds/uploaded/UVCHPWXJBN/ffts/XC36201-full.png'};{'small': '//xeno-canto.org/sounds/uploaded/UVCHPWXJBN/wave/XC36201-small.png', 'med': '//xeno-canto.org/sounds/uploaded/UVCHPWXJBN/wave/XC36201-med.png', 'large': '//xeno-canto.org/sounds/uploaded/UVCHPWXJBN/wave/XC36201-large.png'};//creativecommons.org/licenses/by-nc-nd/2.5/;A;00:29;9:21;2008-05-31;2009-06-24;[];;unknown;unknown;unknown;;;no;;;48000;build_dataset_temp/WORKFLOW_MULTIPLE_SPECIES/Fringilla coelebs_Common Chaffinch/XC36201.mp3;XC36201.mp3
383722;Fringilla;coelebs;;Fringilla coelebs_Common Chaffinch;birds;Common Chaffinch;Terje Kolaas;Norway;Sør-Fron, Oppland;61.5298;9.7435;800;call, song;;;field recording;//xeno-canto.org/383722;https://xeno-canto.org/383722/download;XC383722-bokfink-sang-call-0402_105249.mp3;{'small': '//xeno-canto.org/sounds/uploaded/CIMGCGUWCS/ffts/XC383722-small.png', 'med': '//xeno-canto.org/sounds/uploaded/CIMGCGUWCS/ffts/XC383722-med.png', 'large': '//xeno-canto.org/sounds/uploaded/CIMGCGUWCS/ffts/XC383722-large.png', 'full': '//xeno-canto.org/sounds/uploaded/CIMGCGUWCS/ffts/XC383722-full.png'};{'small': '//xeno-canto.org/sounds/uploaded/CIMGCGUWCS/wave/XC383722-small.png', 'med': '//xeno-canto.org/sounds/uploaded/CIMGCGUWCS/wave/XC383722-med.png', 'large': '//xeno-canto.org/sounds/uploaded/CIMGCGUWCS/wave/XC383722-large.png'};//creativecommons.org/licenses/by-nc-nd/4.0/;A;00:53;08:00;2017-07-17;2017-08-20;[];;yes;yes;no;;;no;;;48000;build_dataset_temp/WORKFLOW_MULTIPLE_SPECIES/Fringilla coelebs_Common Chaffinch/XC383722.mp3;XC383722.mp3
232808;Phylloscopus;collybita;x Willow Warbler hybrid;Phylloscopus collybita_Common Chiffchaff;birds;Common Chiffchaff;Harry Lehto;Finland;Hauninen, Raisio;60.4967;22.1906;20;song;;;field recording;//xeno-canto.org/232808;https://xeno-canto.org/232808/download;XC232808-Default Project.mp3;{'small': '//xeno-canto.org/sounds/uploaded/ITRRPVYHIT/ffts/XC232808-small.png', 'med': '//xeno-canto.org/sounds/uploaded/ITRRPVYHIT/ffts/XC232808-med.png', 'large': '//xeno-canto.org/sounds/uploaded/ITRRPVYHIT/ffts/XC232808-large.png', 'full': '//xeno-canto.org/sounds/uploaded/ITRRPVYHIT/ffts/XC232808-full.png'};{'small': '//xeno-canto.org/sounds/uploaded/ITRRPVYHIT/wave/XC232808-small.png', 'med': '//xeno-canto.org/sounds/uploaded/ITRRPVYHIT/wave/XC232808-med.png', 'large': '//xeno-canto.org/sounds/uploaded/ITRRPVYHIT/wave/XC232808-large.png'};//creativecommons.org/licenses/by-nc-sa/4.0/;A;00:37;?;2009-04-26;2015-03-24;['Turdus iliacus', 'Fringilla coelebs', 'Erithacus rubecula'];Chiffchaff/Willow Warbler mixed singer;unknown;unknown;unknown;;;no;;;44100;build_dataset_temp/WORKFLOW_MULTIPLE_SPECIES/Phylloscopus collybita_Common Chiffchaff/XC232808.mp3;XC232808.mp3
468487;Phylloscopus;collybita;;Phylloscopus collybita_Common Chiffchaff;birds;Common Chiffchaff;Terje Kolaas;Norway;Verdal Municipality, Verdal, Nord-Trøndelag;63.777;11.4401;0;song;;;field recording;//xeno-canto.org/468487;https://xeno-canto.org/468487/download;XC468487-gransanger_mixed_0425_094159.mp3;{'small': '//xeno-canto.org/sounds/uploaded/CIMGCGUWCS/ffts/XC468487-small.png', 'med': '//xeno-canto.org/sounds/uploaded/CIMGCGUWCS/ffts/XC468487-med.png', 'large': '//xeno-canto.org/sounds/uploaded/CIMGCGUWCS/ffts/XC468487-large.png', 'full': '//xeno-canto.org/sounds/uploaded/CIMGCGUWCS/ffts/XC468487-full.png'};{'small': '//xeno-canto.org/sounds/uploaded/CIMGCGUWCS/wave/XC468487-small.png', 'med': '//xeno-canto.org/sounds/uploaded/CIMGCGUWCS/wave/XC468487-med.png', 'large': '//xeno-canto.org/sounds/uploaded/CIMGCGUWCS/wave/XC468487-large.png'};//creativecommons.org/licenses/by-nc-nd/4.0/;A;00:22;08:30;2019-04-25;2019-04-25;[];Mixed singer, including traces of Willow Warbler and Iberian Chifchaf;yes;yes;no;;;no;;;48000;build_dataset_temp/WORKFLOW_MULTIPLE_SPECIES/Phylloscopus collybita_Common Chiffchaff/XC468487.mp3;XC468487.mp3
717598;Phylloscopus;collybita;;Phylloscopus collybita_Common Chiffchaff;birds;Common Chiffchaff;Irish Wildlife Sounds;Ireland;Midleton, Cork, County Cork;51.9004;-8.1759;20;song;;;field recording;//xeno-canto.org/717598;https://xeno-canto.org/717598/download;XC717598-Chiffchaff_Song_Ballyanan Woods_Cork_13.04.22_A+.mp3;{'small': '//xeno-canto.org/sounds/uploaded/PAEQEUHPFQ/ffts/XC717598-small.png', 'med': '//xeno-canto.org/sounds/uploaded/PAEQEUHPFQ/ffts/XC717598-med.png', 'large': '//xeno-canto.org/sounds/uploaded/PAEQEUHPFQ/ffts/XC717598-large.png', 'full': '//xeno-canto.org/sounds/uploaded/PAEQEUHPFQ/ffts/XC717598-full.png'};{'small': '//xeno-canto.org/sounds/uploaded/PAEQEUHPFQ/wave/XC717598-small.png', 'med': '//xeno-canto.org/sounds/uploaded/PAEQEUHPFQ/wave/XC717598-med.png', 'large': '//xeno-canto.org/sounds/uploaded/PAEQEUHPFQ/wave/XC717598-large.png'};//creativecommons.org/licenses/by-nc-nd/4.0/;A;00:45;17:00;2022-04-13;2022-04-23;[];;yes;yes;no;;;no;;;44100;build_dataset_temp/WORKFLOW_MULTIPLE_SPECIES/Phylloscopus collybita_Common Chiffchaff/XC717598.mp3;XC717598.mp3
800944;Phylloscopus;collybita;;Phylloscopus collybita_Common Chiffchaff;birds;Common Chiffchaff;Lars Edenius;Sweden;Bådahällan, Umeå Municipality, Västerbotten County;63.6057;19.9765;0;song;;;field recording;//xeno-canto.org/800944;https://xeno-canto.org/800944/download;XC800944-Gransångare_35.mp3;{'small': '//xeno-canto.org/sounds/uploaded/MMEJYLOPDO/ffts/XC800944-small.png', 'med': '//xeno-canto.org/sounds/uploaded/MMEJYLOPDO/ffts/XC800944-med.png', 'large': '//xeno-canto.org/sounds/uploaded/MMEJYLOPDO/ffts/XC800944-large.png', 'full': '//xeno-canto.org/sounds/uploaded/MMEJYLOPDO/ffts/XC800944-full.png'};{'small': '//xeno-canto.org/sounds/uploaded/MMEJYLOPDO/wave/XC800944-small.png', 'med': '//xeno-canto.org/sounds/uploaded/MMEJYLOPDO/wave/XC800944-med.png', 'large': '//xeno-canto.org/sounds/uploaded/MMEJYLOPDO/wave/XC800944-large.png'};//creativecommons.org/licenses/by-nc-sa/4.0/;A;00:24;07:00;2023-05-14;2023-05-14;[];SNR 50dB (ISO/ITU);yes;yes;no;;;no;;;48000;build_dataset_temp/WORKFLOW_MULTIPLE_SPECIES/Phylloscopus collybita_Common Chiffchaff/XC800944.mp3;XC800944.mp3
120470;Phylloscopus;collybita;tristis;Phylloscopus collybita_Common Chiffchaff;birds;Common Chiffchaff;Patrick Franke;Kazakhstan;Bjelaja Uba;50.5613;83.6672;738;song;;;field recording;//xeno-canto.org/120470;https://xeno-canto.org/120470/download;XC120470-06436_pfranke_110520_zilpz_tristis_S_A.mp3;{'small': '//xeno-canto.org/sounds/uploaded/ZRYDJPPTFC/ffts/XC120470-small.png', 'med': '//xeno-canto.org/sounds/uploaded/ZRYDJPPTFC/ffts/XC120470-med.png', 'large': '//xeno-canto.org/sounds/uploaded/ZRYDJPPTFC/ffts/XC120470-large.png', 'full': '//xeno-canto.org/sounds/uploaded/ZRYDJPPTFC/ffts/XC120470-full.png'};{'small': '//xeno-canto.org/sounds/uploaded/ZRYDJPPTFC/wave/XC120470-small.png', 'med': '//xeno-canto.org/sounds/uploaded/ZRYDJPPTFC/wave/XC120470-med.png', 'large': '//xeno-canto.org/sounds/uploaded/ZRYDJPPTFC/wave/XC120470-large.png'};//creativecommons.org/licenses/by-nc-sa/3.0/;A;00:45;07:10;2011-05-20;2013-01-28;['Sitta europaea', 'Carpodacus erythrinus', 'Phylloscopus humei', 'Phylloscopus trochiloides'];;yes;yes;no;;;no;;;44100;build_dataset_temp/WORKFLOW_MULTIPLE_SPECIES/Phylloscopus collybita_Common Chiffchaff/XC120470.mp3;XC120470.mp3
552656;Phylloscopus;collybita;;Phylloscopus collybita_Common Chiffchaff;birds;Common Chiffchaff;Ad Postma;Netherlands;Borculo, Berkelland, Gelderland;52.1083;6.4824;20;song;;;field recording;//xeno-canto.org/552656;https://xeno-canto.org/552656/download;XC552656-Tjiftjaf LS102743.mp3;{'small': '//xeno-canto.org/sounds/uploaded/EVDMRSHTKR/ffts/XC552656-small.png', 'med': '//xeno-canto.org/sounds/uploaded/EVDMRSHTKR/ffts/XC552656-med.png', 'large': '//xeno-canto.org/sounds/uploaded/EVDMRSHTKR/ffts/XC552656-large.png', 'full': '//xeno-canto.org/sounds/uploaded/EVDMRSHTKR/ffts/XC552656-full.png'};{'small': '//xeno-canto.org/sounds/uploaded/EVDMRSHTKR/wave/XC552656-small.png', 'med': '//xeno-canto.org/sounds/uploaded/EVDMRSHTKR/wave/XC552656-med.png', 'large': '//xeno-canto.org/sounds/uploaded/EVDMRSHTKR/wave/XC552656-large.png'};//creativecommons.org/licenses/by-nc-sa/4.0/;A;00:43;08:00;2020-05-01;2020-05-01;[];;unknown;unknown;unknown;;;no;;;44100;build_dataset_temp/WORKFLOW_MULTIPLE_SPECIES/Phylloscopus collybita_Common Chiffchaff/XC552656.mp3;XC552656.mp3
795707;Phylloscopus;collybita;;Phylloscopus collybita_Common Chiffchaff;birds;Common Chiffchaff;Alan Dalton;Sweden;Sandemar;59.1248;18.3501;10;aberrant, song;male;adult;field recording;//xeno-canto.org/795707;https://xeno-canto.org/795707/download;XC795707-Chiff-mix-singer-doing-chiff-Sand-23-Apr-0718.wav;{'small': '//xeno-canto.org/sounds/uploaded/BBJSEFYVPV/ffts/XC795707-small.png', 'med': '//xeno-canto.org/sounds/uploaded/BBJSEFYVPV/ffts/XC795707-med.png', 'large': '//xeno-canto.org/sounds/uploaded/BBJSEFYVPV/ffts/XC795707-large.png', 'full': '//xeno-canto.org/sounds/uploaded/BBJSEFYVPV/ffts/XC795707-full.png'};{'small': '//xeno-canto.org/sounds/uploaded/BBJSEFYVPV/wave/XC795707-small.png', 'med': '//xeno-canto.org/sounds/uploaded/BBJSEFYVPV/wave/XC795707-med.png', 'large': '//xeno-canto.org/sounds/uploaded/BBJSEFYVPV/wave/XC795707-large.png'};//creativecommons.org/licenses/by-nc-sa/4.0/;A;00:43;06:30;2023-04-23;2023-04-25;[];Mixed singer! This strophe sounds fine for Common Chiifchaff, but was also singing like Wilow Warbler in alternatin song types.;yes;yes;no;;;no;Telinga Parabola;Telinga Pro 8;96000;build_dataset_temp/WORKFLOW_MULTIPLE_SPECIES/Phylloscopus collybita_Common Chiffchaff/XC795707.mp3;XC795707.mp3
666837;Phylloscopus;collybita;;Phylloscopus collybita_Common Chiffchaff;birds;Common Chiffchaff;Irish Wildlife Sounds;Ireland;Derrynafinnia, County Cork;51.4522;-9.8189;0;song, tret notes;;;field recording;//xeno-canto.org/666837;https://xeno-canto.org/666837/download;XC666837-Chiffchaff_Song + Trets_Main Mizen Garden_300521_A++.mp3;{'small': '//xeno-canto.org/sounds/uploaded/PAEQEUHPFQ/ffts/XC666837-small.png', 'med': '//xeno-canto.org/sounds/uploaded/PAEQEUHPFQ/ffts/XC666837-med.png', 'large': '//xeno-canto.org/sounds/uploaded/PAEQEUHPFQ/ffts/XC666837-large.png', 'full': '//xeno-canto.org/sounds/uploaded/PAEQEUHPFQ/ffts/XC666837-full.png'};{'small': '//xeno-canto.org/sounds/uploaded/PAEQEUHPFQ/wave/XC666837-small.png', 'med': '//xeno-canto.org/sounds/uploaded/PAEQEUHPFQ/wave/XC666837-med.png', 'large': '//xeno-canto.org/sounds/uploaded/PAEQEUHPFQ/wave/XC666837-large.png'};//creativecommons.org/licenses/by-nc-sa/4.0/;A;00:55;13:00;2021-05-30;2021-08-07;[];;yes;yes;no;;;no;;;44100;build_dataset_temp/WORKFLOW_MULTIPLE_SPECIES/Phylloscopus collybita_Common Chiffchaff/XC666837.mp3;XC666837.mp3
174637;Phylloscopus;collybita;;Phylloscopus collybita_Common Chiffchaff;birds;Common Chiffchaff;Krzysztof Deoniziak;Poland;Noteć Forest, Wielkopolskie Voivodeship;52.7365;16.6215;60;song;male;;field recording;//xeno-canto.org/174637;https://xeno-canto.org/174637/download;XC174637-phylloscopus_collybita_notecka_wielkopolskie_15.04.2014_0908.mp3;{'small': '//xeno-canto.org/sounds/uploaded/VCROLXMVLX/ffts/XC174637-small.png', 'med': '//xeno-canto.org/sounds/uploaded/VCROLXMVLX/ffts/XC174637-med.png', 'large': '//xeno-canto.org/sounds/uploaded/VCROLXMVLX/ffts/XC174637-large.png', 'full': '//xeno-canto.org/sounds/uploaded/VCROLXMVLX/ffts/XC174637-full.png'};{'small': '//xeno-canto.org/sounds/uploaded/VCROLXMVLX/wave/XC174637-small.png', 'med': '//xeno-canto.org/sounds/uploaded/VCROLXMVLX/wave/XC174637-med.png', 'large': '//xeno-canto.org/sounds/uploaded/VCROLXMVLX/wave/XC174637-large.png'};//creativecommons.org/licenses/by-nc-nd/4.0/;A;00:51;09:00;2014-04-15;2014-04-15;[];"habitat: temperate coniferous forest
weather: windy";yes;yes;no;;;no;;;48000;build_dataset_temp/WORKFLOW_MULTIPLE_SPECIES/Phylloscopus collybita_Common Chiffchaff/XC174637.mp3;XC174637.mp3
684578;Phylloscopus;collybita;;Phylloscopus collybita_Common Chiffchaff;birds;Common Chiffchaff;W. Agster;Germany;Wetteraukreis (near  Reichelsheim (Wetterau)), Darmstadt, Hessen;50.3644;8.8757;120;song;male;adult;field recording;//xeno-canto.org/684578;https://xeno-canto.org/684578/download;XC684578-xc-wa010417-000000.mp3;{'small': '//xeno-canto.org/sounds/uploaded/EXNUFPZKKY/ffts/XC684578-small.png', 'med': '//xeno-canto.org/sounds/uploaded/EXNUFPZKKY/ffts/XC684578-med.png', 'large': '//xeno-canto.org/sounds/uploaded/EXNUFPZKKY/ffts/XC684578-large.png', 'full': '//xeno-canto.org/sounds/uploaded/EXNUFPZKKY/ffts/XC684578-full.png'};{'small': '//xeno-canto.org/sounds/uploaded/EXNUFPZKKY/wave/XC684578-small.png', 'med': '//xeno-canto.org/sounds/uploaded/EXNUFPZKKY/wave/XC684578-med.png', 'large': '//xeno-canto.org/sounds/uploaded/EXNUFPZKKY/wave/XC684578-large.png'};//creativecommons.org/licenses/by-nc-sa/4.0/;A;00:34;14:30;2021-03-24;2021-11-05;[];;yes;yes;no;;;no;;;48000;build_dataset_temp/WORKFLOW_MULTIPLE_SPECIES/Phylloscopus collybita_Common Chiffchaff/XC684578.mp3;XC684578.mp3
312630;Phylloscopus;collybita;;Phylloscopus collybita_Common Chiffchaff;birds;Common Chiffchaff;Ad Postma;Netherlands;Borculo, Berkelland, Gelderland;52.0873;6.5087;20;song;;;field recording;//xeno-canto.org/312630;https://xeno-canto.org/312630/download;XC312630-Tjiftjaf 20160417 LS102093.mp3;{'small': '//xeno-canto.org/sounds/uploaded/EVDMRSHTKR/ffts/XC312630-small.png', 'med': '//xeno-canto.org/sounds/uploaded/EVDMRSHTKR/ffts/XC312630-med.png', 'large': '//xeno-canto.org/sounds/uploaded/EVDMRSHTKR/ffts/XC312630-large.png', 'full': '//xeno-canto.org/sounds/uploaded/EVDMRSHTKR/ffts/XC312630-full.png'};{'small': '//xeno-canto.org/sounds/uploaded/EVDMRSHTKR/wave/XC312630-small.png', 'med': '//xeno-canto.org/sounds/uploaded/EVDMRSHTKR/wave/XC312630-med.png', 'large': '//xeno-canto.org/sounds/uploaded/EVDMRSHTKR/wave/XC312630-large.png'};//creativecommons.org/licenses/by-nc-sa/4.0/;A;00:26;07:30;2016-04-17;2016-04-17;[];;yes;yes;no;;;no;;;44100;build_dataset_temp/WORKFLOW_MULTIPLE_SPECIES/Phylloscopus collybita_Common Chiffchaff/XC312630.mp3;XC312630.mp3
239556;Phylloscopus;collybita;;Phylloscopus collybita_Common Chiffchaff;birds;Common Chiffchaff;Roberto Lerco;Italy;Feltre, Belluno, Veneto;46.0176;11.9765;220;song;;;field recording;//xeno-canto.org/239556;https://xeno-canto.org/239556/download;XC239556-Lui_piccolo_Vincheto_Cellarda_02052015_RLerco.mp3;{'small': '//xeno-canto.org/sounds/uploaded/DEOEWHKERB/ffts/XC239556-small.png', 'med': '//xeno-canto.org/sounds/uploaded/DEOEWHKERB/ffts/XC239556-med.png', 'large': '//xeno-canto.org/sounds/uploaded/DEOEWHKERB/ffts/XC239556-large.png', 'full': '//xeno-canto.org/sounds/uploaded/DEOEWHKERB/ffts/XC239556-full.png'};{'small': '//xeno-canto.org/sounds/uploaded/DEOEWHKERB/wave/XC239556-small.png', 'med': '//xeno-canto.org/sounds/uploaded/DEOEWHKERB/wave/XC239556-med.png', 'large': '//xeno-canto.org/sounds/uploaded/DEOEWHKERB/wave/XC239556-large.png'};//creativecommons.org/licenses/by-nc-sa/4.0/;A;00:35;11:00;2015-05-02;2015-05-03;[];;unknown;unknown;unknown;;;no;;;44100;build_dataset_temp/WORKFLOW_MULTIPLE_SPECIES/Phylloscopus collybita_Common Chiffchaff/XC239556.mp3;XC239556.mp3
135425;Phylloscopus;collybita;;Phylloscopus collybita_Common Chiffchaff;birds;Common Chiffchaff;Piotr Szczypiński;Poland;Lutocin, Rypin County, Kuyavian-Pomeranian Voivodeship;52.9757;19.6893;120;song;male;;field recording;//xeno-canto.org/135425;https://xeno-canto.org/135425/download;XC135425-Phyllcol3_Poland_PSZ_2013_05_27_1102.mp3;{'small': '//xeno-canto.org/sounds/uploaded/RWHGTWZNPX/ffts/XC135425-small.png', 'med': '//xeno-canto.org/sounds/uploaded/RWHGTWZNPX/ffts/XC135425-med.png', 'large': '//xeno-canto.org/sounds/uploaded/RWHGTWZNPX/ffts/XC135425-large.png', 'full': '//xeno-canto.org/sounds/uploaded/RWHGTWZNPX/ffts/XC135425-full.png'};{'small': '//xeno-canto.org/sounds/uploaded/RWHGTWZNPX/wave/XC135425-small.png', 'med': '//xeno-canto.org/sounds/uploaded/RWHGTWZNPX/wave/XC135425-med.png', 'large': '//xeno-canto.org/sounds/uploaded/RWHGTWZNPX/wave/XC135425-large.png'};//creativecommons.org/licenses/by-nc-sa/3.0/;A;00:47;13:00;2013-05-27;2013-05-29;['Fringilla coelebs', 'Phylloscopus trochilus', 'Turdus merula'];;no;no;no;;;no;;;48000;build_dataset_temp/WORKFLOW_MULTIPLE_SPECIES/Phylloscopus collybita_Common Chiffchaff/XC135425.mp3;XC135425.mp3
648168;Phylloscopus;collybita;;Phylloscopus collybita_Common Chiffchaff;birds;Common Chiffchaff;Bernard Collet;Belgium;Brunehaut, Hainaut, Wallonie;50.5152;3.3305;30;call, song;;;field recording;//xeno-canto.org/648168;https://xeno-canto.org/648168/download;XC648168-Pouillot_veloce_2021-05-12_06-47-30.mp3;{'small': '//xeno-canto.org/sounds/uploaded/WSTVOVMGXC/ffts/XC648168-small.png', 'med': '//xeno-canto.org/sounds/uploaded/WSTVOVMGXC/ffts/XC648168-med.png', 'large': '//xeno-canto.org/sounds/uploaded/WSTVOVMGXC/ffts/XC648168-large.png', 'full': '//xeno-canto.org/sounds/uploaded/WSTVOVMGXC/ffts/XC648168-full.png'};{'small': '//xeno-canto.org/sounds/uploaded/WSTVOVMGXC/wave/XC648168-small.png', 'med': '//xeno-canto.org/sounds/uploaded/WSTVOVMGXC/wave/XC648168-med.png', 'large': '//xeno-canto.org/sounds/uploaded/WSTVOVMGXC/wave/XC648168-large.png'};//creativecommons.org/licenses/by-nc-sa/4.0/;A;00:28;06:47;2021-05-12;2021-05-14;[];Two birds: one screams and the other sings in the background.;yes;yes;no;;;no;;;44100;build_dataset_temp/WORKFLOW_MULTIPLE_SPECIES/Phylloscopus collybita_Common Chiffchaff/XC648168.mp3;XC648168.mp3
693993;Phylloscopus;collybita;;Phylloscopus collybita_Common Chiffchaff;birds;Common Chiffchaff;Agris Celmins;Latvia;Zvejsola, Nagļu pagasts;56.6981;26.8938;90;call, song;;;field recording;//xeno-canto.org/693993;https://xeno-canto.org/693993/download;XC693993-Phylloscopus collybita Common Chiffchaff call 2008-04-28_0835 Zvejsola, Naglu pagasts 56.698112, 26.893829 (seen building nest) Telinga 5W.mp3;{'small': '//xeno-canto.org/sounds/uploaded/AQWMZXSOED/ffts/XC693993-small.png', 'med': '//xeno-canto.org/sounds/uploaded/AQWMZXSOED/ffts/XC693993-med.png', 'large': '//xeno-canto.org/sounds/uploaded/AQWMZXSOED/ffts/XC693993-large.png', 'full': '//xeno-canto.org/sounds/uploaded/AQWMZXSOED/ffts/XC693993-full.png'};{'small': '//xeno-canto.org/sounds/uploaded/AQWMZXSOED/wave/XC693993-small.png', 'med': '//xeno-canto.org/sounds/uploaded/AQWMZXSOED/wave/XC693993-med.png', 'large': '//xeno-canto.org/sounds/uploaded/AQWMZXSOED/wave/XC693993-large.png'};//creativecommons.org/licenses/by-nc-nd/4.0/;A;00:24;08:35;2008-04-28;2021-12-27;['Fringilla coelebs', 'Chroicocephalus ridibundus'];Calling bird builds the nest. Another one sings in the background.;yes;yes;no;;;no;Sony MZ-NH1 MiniDisc;Telinga Pro 5W;44100;build_dataset_temp/WORKFLOW_MULTIPLE_SPECIES/Phylloscopus collybita_Common Chiffchaff/XC693993.mp3;XC693993.mp3
668651;Phylloscopus;collybita;;Phylloscopus collybita_Common Chiffchaff;birds;Common Chiffchaff;Filippo Ceccolini;Italy;Ortignano Raggiolo (near La Villa), Provincia di Arezzo, Toscana;43.6712;11.7584;500;song;male;;field recording;//xeno-canto.org/668651;https://xeno-canto.org/668651/download;XC668651-+ 2020-06-07 tra Monte Borgnoli e Villa.mp3;{'small': '//xeno-canto.org/sounds/uploaded/VWVVYWSUYS/ffts/XC668651-small.png', 'med': '//xeno-canto.org/sounds/uploaded/VWVVYWSUYS/ffts/XC668651-med.png', 'large': '//xeno-canto.org/sounds/uploaded/VWVVYWSUYS/ffts/XC668651-large.png', 'full': '//xeno-canto.org/sounds/uploaded/VWVVYWSUYS/ffts/XC668651-full.png'};{'small': '//xeno-canto.org/sounds/uploaded/VWVVYWSUYS/wave/XC668651-small.png', 'med': '//xeno-canto.org/sounds/uploaded/VWVVYWSUYS/wave/XC668651-med.png', 'large': '//xeno-canto.org/sounds/uploaded/VWVVYWSUYS/wave/XC668651-large.png'};//creativecommons.org/licenses/by-nc-sa/4.0/;A;00:40;16:00;2020-06-07;2021-08-16;[];Approximate time;no;no;no;;;no;;;48000;build_dataset_temp/WORKFLOW_MULTIPLE_SPECIES/Phylloscopus collybita_Common Chiffchaff/XC668651.mp3;XC668651.mp3
324707;Phylloscopus;collybita;;Phylloscopus collybita_Common Chiffchaff;birds;Common Chiffchaff;Timo Schnabel;Germany;Ratingen-Lintorf, Mettmann, Nordrhein-Westfalen;51.331;6.8178;40;song;;;field recording;//xeno-canto.org/324707;https://xeno-canto.org/324707/download;XC324707-Zilpzalp Ratingen.mp3;{'small': '//xeno-canto.org/sounds/uploaded/PBXPSXGKLL/ffts/XC324707-small.png', 'med': '//xeno-canto.org/sounds/uploaded/PBXPSXGKLL/ffts/XC324707-med.png', 'large': '//xeno-canto.org/sounds/uploaded/PBXPSXGKLL/ffts/XC324707-large.png', 'full': '//xeno-canto.org/sounds/uploaded/PBXPSXGKLL/ffts/XC324707-full.png'};{'small': '//xeno-canto.org/sounds/uploaded/PBXPSXGKLL/wave/XC324707-small.png', 'med': '//xeno-canto.org/sounds/uploaded/PBXPSXGKLL/wave/XC324707-med.png', 'large': '//xeno-canto.org/sounds/uploaded/PBXPSXGKLL/wave/XC324707-large.png'};//creativecommons.org/licenses/by-nc-sa/4.0/;A;00:32;15:12;2015-05-10;2016-06-28;['Sylvia atricapilla'];;yes;yes;no;;;no;;;44100;build_dataset_temp/WORKFLOW_MULTIPLE_SPECIES/Phylloscopus collybita_Common Chiffchaff/XC324707.mp3;XC324707.mp3
786636;Phylloscopus;collybita;;Phylloscopus collybita_Common Chiffchaff;birds;Common Chiffchaff;Chèvremont Fabian;Belgium;Arrondissement de Bastogne (near  Houffalize), Luxembourg, Wallonia;50.1334;5.7342;360;song;;;field recording;//xeno-canto.org/786636;https://xeno-canto.org/786636/download;XC786636-17-03-23-(pouillot-véloce,chant,-Bellmeuse).wav;{'small': '//xeno-canto.org/sounds/uploaded/VQKRAEESLX/ffts/XC786636-small.png', 'med': '//xeno-canto.org/sounds/uploaded/VQKRAEESLX/ffts/XC786636-med.png', 'large': '//xeno-canto.org/sounds/uploaded/VQKRAEESLX/ffts/XC786636-large.png', 'full': '//xeno-canto.org/sounds/uploaded/VQKRAEESLX/ffts/XC786636-full.png'};{'small': '//xeno-canto.org/sounds/uploaded/VQKRAEESLX/wave/XC786636-small.png', 'med': '//xeno-canto.org/sounds/uploaded/VQKRAEESLX/wave/XC786636-med.png', 'large': '//xeno-canto.org/sounds/uploaded/VQKRAEESLX/wave/XC786636-large.png'};//creativecommons.org/licenses/by-nc-sa/4.0/;A;00:30;09:30;2023-03-17;2023-03-18;[];;no;no;no;;;no;;;44100;build_dataset_temp/WORKFLOW_MULTIPLE_SPECIES/Phylloscopus collybita_Common Chiffchaff/XC786636.mp3;XC786636.mp3
